,metabolite,reaction,flux_healthy,flux_CRC,flux_diff,perc_flux_diff
510,h2o_medium,EX_h2o_medium,-137.7203517489911,-130.0929221293628,-7.627429619628316,0.055383460198606356
470,for_medium,EX_for_medium,-86.38470212732747,-82.60983035507434,-3.7748717722531353,0.04369838269152252
529,lac_L_medium,EX_lac_L_medium,-3.605362274282054,-0.3274967322876306,-3.2778655419944234,0.9091639875904438
431,but_medium,EX_but_medium,-27.14711560609728,-25.17071672790858,-1.9763988781887,0.07280327335198727
477,gal_medium,EX_gal_medium,-2.1365808371697868,-1.1012774893084152,-1.0353033478613716,0.48456081316950406
595,ura_medium,EX_ura_medium,-2.506609942603439,-1.924079964875216,-0.5825299777282229,0.232397537338095
471,fru_medium,EX_fru_medium,-34.54875512962593,-34.03371598135201,-0.5150391482739209,0.014907603655804933
406,ade_medium,EX_ade_medium,-3.3307108164626285,-3.02990152469739,-0.3008092917652383,0.09031384240217885
421,arab_L_medium,EX_arab_L_medium,-0.396854202571215,-0.1570697227893806,-0.2397844797818344,0.6042130289367551
378,Tn_antigen_medium,EX_Tn_antigen_medium,-0.3440960019488872,-0.1618637995501019,-0.18223220239878526,0.5295969769095267
404,acnam2a6agal_medium,EX_acnam2a6agal_medium,-0.139511876886249,0.0,-0.139511876886249,1.0
563,ppa_medium,EX_ppa_medium,-0.3580267790097975,-0.2308666424321064,-0.12716013657769112,0.35516934495620883
574,sTn_antigen_medium,EX_sTn_antigen_medium,-0.1073552757463765,0.0,-0.1073552757463765,1.0
528,lac_D_medium,EX_lac_D_medium,-7.861037314045637,-7.792460764355074,-0.06857654969056348,0.00872360058233472
551,nac_medium,EX_nac_medium,-1.0741846578963343,-1.0604652307756854,-0.013719427120648886,0.012771944767407856
494,glyc_medium,EX_glyc_medium,-0.0815187148114584,-0.0682267794047147,-0.013291935406743713,0.1630537900098908
437,chol_medium,EX_chol_medium,-0.0004109799632489,-0.0003221232235139,-8.885673973499998e-05,0.21620698739803543
602,cpd11416_medium,community_biomass,-14.432816854020173,-14.432816854019917,-2.5579538487363607e-13,1.7723178189043938e-14
423,arabttr_medium,EX_arabttr_medium,0.0,0.0,0.0,
393,_4hoxpacd_medium,EX__4hoxpacd_medium,0.0,0.0,0.0,
392,_4abut_medium,EX__4abut_medium,0.0,0.0,0.0,
391,_3hpppn_medium,EX__3hpppn_medium,0.0,0.0,0.0,
432,butso3_medium,EX_butso3_medium,0.0,0.0,0.0,
390,_3hphac_medium,EX__3hphac_medium,0.0,0.0,0.0,
389,_3dhchol_medium,EX__3dhchol_medium,0.0,0.0,0.0,
388,_3dhcdchol_medium,EX__3dhcdchol_medium,0.0,0.0,0.0,
387,_34dhphe_medium,EX__34dhphe_medium,0.0,0.0,0.0,
386,_34dhpha_medium,EX__34dhpha_medium,0.0,0.0,0.0,
385,_2hyoxplac_medium,EX__2hyoxplac_medium,0.0,0.0,0.0,
384,_2ddglcn_medium,EX__2ddglcn_medium,0.0,0.0,0.0,
383,_15dap_medium,EX__15dap_medium,0.0,0.0,0.0,
394,_4hpro_LT_medium,EX__4hpro_LT_medium,0.0,0.0,0.0,
382,_13ppd_medium,EX__13ppd_medium,0.0,0.0,0.0,
380,_12dhchol_medium,EX__12dhchol_medium,0.0,0.0,0.0,
379,Tyr_ggn_medium,EX_Tyr_ggn_medium,0.0,0.0,0.0,
433,cbl1_medium,EX_cbl1_medium,0.0,0.0,0.0,
434,cbl2_medium,EX_cbl2_medium,0.0,0.0,0.0,
435,cd2_medium,EX_cd2_medium,0.0,0.0,0.0,
377,T_antigen_medium,EX_T_antigen_medium,0.0,0.0,0.0,
376,Ser_Thr_medium,EX_Ser_Thr_medium,0.0,0.0,0.0,
436,cellb_medium,EX_cellb_medium,0.0,0.0,0.0,
375,MGlcn9_rl_medium,EX_MGlcn9_rl_medium,0.0,0.0,0.0,
374,MGlcn9_medium,EX_MGlcn9_medium,0.0,0.0,0.0,
373,MGlcn99_rl_medium,EX_MGlcn99_rl_medium,0.0,0.0,0.0,
372,MGlcn99_medium,EX_MGlcn99_medium,0.0,0.0,0.0,
381,_12ppd_S_medium,EX__12ppd_S_medium,0.0,0.0,0.0,
395,_5htrp_medium,EX__5htrp_medium,0.0,0.0,0.0,
396,_5mta_medium,EX__5mta_medium,0.0,0.0,0.0,
397,_5mthf_medium,EX__5mthf_medium,0.0,0.0,0.0,
420,amylose300_medium,EX_amylose300_medium,0.0,0.0,0.0,
419,amylopect900_medium,EX_amylopect900_medium,0.0,0.0,0.0,
418,alltn_medium,EX_alltn_medium,0.0,0.0,0.0,
417,alaleu_medium,EX_alaleu_medium,0.0,0.0,0.0,
424,arbt_medium,EX_arbt_medium,0.0,0.0,0.0,
416,alagly_medium,EX_alagly_medium,0.0,0.0,0.0,
415,alaglu_medium,EX_alaglu_medium,0.0,0.0,0.0,
414,alaasp_medium,EX_alaasp_medium,0.0,0.0,0.0,
413,ala_L_medium,EX_ala_L_medium,0.0,0.0,0.0,
425,arsenb_medium,EX_arsenb_medium,0.0,0.0,0.0,
426,aso3_medium,EX_aso3_medium,0.0,0.0,0.0,
412,ala_D_medium,EX_ala_D_medium,0.0,0.0,0.0,
411,agam1b6agal_medium,EX_agam1b6agal_medium,0.0,0.0,0.0,
410,agam1b3agal_medium,EX_agam1b3agal_medium,0.0,0.0,0.0,
409,agal1b6agal_medium,EX_agal1b6agal_medium,0.0,0.0,0.0,
427,aso4_medium,EX_aso4_medium,0.0,0.0,0.0,
408,agal1b3agal_medium,EX_agal1b3agal_medium,0.0,0.0,0.0,
428,bhb_medium,EX_bhb_medium,0.0,0.0,0.0,
407,adocbl_medium,EX_adocbl_medium,0.0,0.0,0.0,
371,MGlcn98_rl_medium,EX_MGlcn98_rl_medium,0.0,0.0,0.0,
405,actn_R_medium,EX_actn_R_medium,0.0,0.0,0.0,
429,btd_RR_medium,EX_btd_RR_medium,0.0,0.0,0.0,
402,acald_medium,EX_acald_medium,0.0,0.0,0.0,
401,acac_medium,EX_acac_medium,0.0,0.0,0.0,
399,_7ocholate_medium,EX__7ocholate_medium,0.0,0.0,0.0,
398,_7dhcdchol_medium,EX__7dhcdchol_medium,0.0,0.0,0.0,
430,btoh_medium,EX_btoh_medium,0.0,0.0,0.0,
422,arabinogal_medium,EX_arabinogal_medium,0.0,0.0,0.0,
370,MGlcn98_medium,EX_MGlcn98_medium,0.0,0.0,0.0,
366,MGlcn96_medium,EX_MGlcn96_medium,0.0,0.0,0.0,
368,MGlcn97_medium,EX_MGlcn97_medium,0.0,0.0,0.0,
317,MGlcn73_rl_medium,EX_MGlcn73_rl_medium,0.0,0.0,0.0,
318,MGlcn74_medium,EX_MGlcn74_medium,0.0,0.0,0.0,
319,MGlcn74_rl_medium,EX_MGlcn74_rl_medium,0.0,0.0,0.0,
320,MGlcn75_medium,EX_MGlcn75_medium,0.0,0.0,0.0,
321,MGlcn75_rl_medium,EX_MGlcn75_rl_medium,0.0,0.0,0.0,
322,MGlcn76_medium,EX_MGlcn76_medium,0.0,0.0,0.0,
316,MGlcn73_medium,EX_MGlcn73_medium,0.0,0.0,0.0,
323,MGlcn76_rl_medium,EX_MGlcn76_rl_medium,0.0,0.0,0.0,
325,MGlcn77_rl_medium,EX_MGlcn77_rl_medium,0.0,0.0,0.0,
326,MGlcn78_medium,EX_MGlcn78_medium,0.0,0.0,0.0,
327,MGlcn78_rl_medium,EX_MGlcn78_rl_medium,0.0,0.0,0.0,
328,MGlcn79_medium,EX_MGlcn79_medium,0.0,0.0,0.0,
329,MGlcn79_rl_medium,EX_MGlcn79_rl_medium,0.0,0.0,0.0,
330,MGlcn7_medium,EX_MGlcn7_medium,0.0,0.0,0.0,
324,MGlcn77_medium,EX_MGlcn77_medium,0.0,0.0,0.0,
315,MGlcn72_rl_medium,EX_MGlcn72_rl_medium,0.0,0.0,0.0,
314,MGlcn72_medium,EX_MGlcn72_medium,0.0,0.0,0.0,
313,MGlcn71_rl_medium,EX_MGlcn71_rl_medium,0.0,0.0,0.0,
298,MGlcn65_medium,EX_MGlcn65_medium,0.0,0.0,0.0,
299,MGlcn65_rl_medium,EX_MGlcn65_rl_medium,0.0,0.0,0.0,
300,MGlcn66_medium,EX_MGlcn66_medium,0.0,0.0,0.0,
601,xylan_medium,EX_xylan_medium,0.0,0.0,0.0,
302,MGlcn67_medium,EX_MGlcn67_medium,0.0,0.0,0.0,
303,MGlcn67_rl_medium,EX_MGlcn67_rl_medium,0.0,0.0,0.0,
304,MGlcn68_medium,EX_MGlcn68_medium,0.0,0.0,0.0,
305,MGlcn68_rl_medium,EX_MGlcn68_rl_medium,0.0,0.0,0.0,
306,MGlcn69_medium,EX_MGlcn69_medium,0.0,0.0,0.0,
307,MGlcn69_rl_medium,EX_MGlcn69_rl_medium,0.0,0.0,0.0,
308,MGlcn6_medium,EX_MGlcn6_medium,0.0,0.0,0.0,
309,MGlcn6_rl_medium,EX_MGlcn6_rl_medium,0.0,0.0,0.0,
310,MGlcn70_medium,EX_MGlcn70_medium,0.0,0.0,0.0,
311,MGlcn70_rl_medium,EX_MGlcn70_rl_medium,0.0,0.0,0.0,
312,MGlcn71_medium,EX_MGlcn71_medium,0.0,0.0,0.0,
331,MGlcn7_rl_medium,EX_MGlcn7_rl_medium,0.0,0.0,0.0,
369,MGlcn97_rl_medium,EX_MGlcn97_rl_medium,0.0,0.0,0.0,
332,MGlcn80_medium,EX_MGlcn80_medium,0.0,0.0,0.0,
334,MGlcn81_medium,EX_MGlcn81_medium,0.0,0.0,0.0,
354,MGlcn90_medium,EX_MGlcn90_medium,0.0,0.0,0.0,
355,MGlcn90_rl_medium,EX_MGlcn90_rl_medium,0.0,0.0,0.0,
356,MGlcn91_medium,EX_MGlcn91_medium,0.0,0.0,0.0,
357,MGlcn91_rl_medium,EX_MGlcn91_rl_medium,0.0,0.0,0.0,
358,MGlcn92_medium,EX_MGlcn92_medium,0.0,0.0,0.0,
359,MGlcn92_rl_medium,EX_MGlcn92_rl_medium,0.0,0.0,0.0,
353,MGlcn8_rl_medium,EX_MGlcn8_rl_medium,0.0,0.0,0.0,
360,MGlcn93_medium,EX_MGlcn93_medium,0.0,0.0,0.0,
362,MGlcn94_medium,EX_MGlcn94_medium,0.0,0.0,0.0,
363,MGlcn94_rl_medium,EX_MGlcn94_rl_medium,0.0,0.0,0.0,
364,MGlcn95_medium,EX_MGlcn95_medium,0.0,0.0,0.0,
365,MGlcn95_rl_medium,EX_MGlcn95_rl_medium,0.0,0.0,0.0,
438,cholate_medium,EX_cholate_medium,0.0,0.0,0.0,
367,MGlcn96_rl_medium,EX_MGlcn96_rl_medium,0.0,0.0,0.0,
361,MGlcn93_rl_medium,EX_MGlcn93_rl_medium,0.0,0.0,0.0,
352,MGlcn8_medium,EX_MGlcn8_medium,0.0,0.0,0.0,
351,MGlcn89_rl_medium,EX_MGlcn89_rl_medium,0.0,0.0,0.0,
350,MGlcn89_medium,EX_MGlcn89_medium,0.0,0.0,0.0,
335,MGlcn81_rl_medium,EX_MGlcn81_rl_medium,0.0,0.0,0.0,
336,MGlcn82_medium,EX_MGlcn82_medium,0.0,0.0,0.0,
337,MGlcn82_rl_medium,EX_MGlcn82_rl_medium,0.0,0.0,0.0,
338,MGlcn83_medium,EX_MGlcn83_medium,0.0,0.0,0.0,
339,MGlcn83_rl_medium,EX_MGlcn83_rl_medium,0.0,0.0,0.0,
340,MGlcn84_medium,EX_MGlcn84_medium,0.0,0.0,0.0,
341,MGlcn84_rl_medium,EX_MGlcn84_rl_medium,0.0,0.0,0.0,
342,MGlcn85_medium,EX_MGlcn85_medium,0.0,0.0,0.0,
343,MGlcn85_rl_medium,EX_MGlcn85_rl_medium,0.0,0.0,0.0,
344,MGlcn86_medium,EX_MGlcn86_medium,0.0,0.0,0.0,
345,MGlcn86_rl_medium,EX_MGlcn86_rl_medium,0.0,0.0,0.0,
346,MGlcn87_medium,EX_MGlcn87_medium,0.0,0.0,0.0,
347,MGlcn87_rl_medium,EX_MGlcn87_rl_medium,0.0,0.0,0.0,
348,MGlcn88_medium,EX_MGlcn88_medium,0.0,0.0,0.0,
349,MGlcn88_rl_medium,EX_MGlcn88_rl_medium,0.0,0.0,0.0,
333,MGlcn80_rl_medium,EX_MGlcn80_rl_medium,0.0,0.0,0.0,
440,core2_medium,EX_core2_medium,0.0,0.0,0.0,
446,core6_medium,EX_core6_medium,0.0,0.0,0.0,
442,core3_medium,EX_core3_medium,0.0,0.0,0.0,
557,oaa_medium,EX_oaa_medium,0.0,0.0,0.0,
556,no_medium,EX_no_medium,0.0,0.0,0.0,
555,no3_medium,EX_no3_medium,0.0,0.0,0.0,
554,ni2_medium,EX_ni2_medium,0.0,0.0,0.0,
552,ncam_medium,EX_ncam_medium,0.0,0.0,0.0,
550,na1_medium,EX_na1_medium,0.0,0.0,0.0,
549,n2o_medium,EX_n2o_medium,0.0,0.0,0.0,
548,n2_medium,EX_n2_medium,0.0,0.0,0.0,
547,mso3_medium,EX_mso3_medium,0.0,0.0,0.0,
546,mops_medium,EX_mops_medium,0.0,0.0,0.0,
545,mnl_medium,EX_mnl_medium,0.0,0.0,0.0,
544,metsox_S_L_medium,EX_metsox_S_L_medium,0.0,0.0,0.0,
543,metsox_R_L_medium,EX_metsox_R_L_medium,0.0,0.0,0.0,
542,met_D_medium,EX_met_D_medium,0.0,0.0,0.0,
541,meoh_medium,EX_meoh_medium,0.0,0.0,0.0,
540,melib_medium,EX_melib_medium,0.0,0.0,0.0,
539,mantr_medium,EX_mantr_medium,0.0,0.0,0.0,
523,isoval_medium,EX_isoval_medium,0.0,0.0,0.0,
524,ispre_medium,EX_ispre_medium,0.0,0.0,0.0,
525,kesto_medium,EX_kesto_medium,0.0,0.0,0.0,
526,kestopt_medium,EX_kestopt_medium,0.0,0.0,0.0,
527,kestottr_medium,EX_kestottr_medium,0.0,0.0,0.0,
530,lald_L_medium,EX_lald_L_medium,0.0,0.0,0.0,
558,oxa_medium,EX_oxa_medium,0.0,0.0,0.0,
531,lctnb_medium,EX_lctnb_medium,0.0,0.0,0.0,
533,lmn2_medium,EX_lmn2_medium,0.0,0.0,0.0,
534,lmn30_medium,EX_lmn30_medium,0.0,0.0,0.0,
535,mal_L_medium,EX_mal_L_medium,0.0,0.0,0.0,
536,malt_medium,EX_malt_medium,0.0,0.0,0.0,
537,malttr_medium,EX_malttr_medium,0.0,0.0,0.0,
538,man_medium,EX_man_medium,0.0,0.0,0.0,
532,lcts_medium,EX_lcts_medium,0.0,0.0,0.0,
559,pac_medium,EX_pac_medium,0.0,0.0,0.0,
560,pb_medium,EX_pb_medium,0.0,0.0,0.0,
561,pect_medium,EX_pect_medium,0.0,0.0,0.0,
582,succ_medium,EX_succ_medium,0.0,0.0,0.0,
583,sulfac_medium,EX_sulfac_medium,0.0,0.0,0.0,
584,taur_medium,EX_taur_medium,0.0,0.0,0.0,
585,tchola_medium,EX_tchola_medium,0.0,0.0,0.0,
586,tdchola_medium,EX_tdchola_medium,0.0,0.0,0.0,
587,thf_medium,EX_thf_medium,0.0,0.0,0.0,
581,strch2_medium,EX_strch2_medium,0.0,0.0,0.0,
590,tmao_medium,EX_tmao_medium,0.0,0.0,0.0,
592,tsul_medium,EX_tsul_medium,0.0,0.0,0.0,
593,tym_medium,EX_tym_medium,0.0,0.0,0.0,
594,uchol_medium,EX_uchol_medium,0.0,0.0,0.0,
598,val_L_medium,EX_val_L_medium,0.0,0.0,0.0,
599,xtsn_medium,EX_xtsn_medium,0.0,0.0,0.0,
600,xyl_D_medium,EX_xyl_D_medium,0.0,0.0,0.0,
591,trypta_medium,EX_trypta_medium,0.0,0.0,0.0,
522,isochol_medium,EX_isochol_medium,0.0,0.0,0.0,
580,srtn_medium,EX_srtn_medium,0.0,0.0,0.0,
578,ser_D_medium,EX_ser_D_medium,0.0,0.0,0.0,
562,pime_medium,EX_pime_medium,0.0,0.0,0.0,
564,ppi_medium,EX_ppi_medium,0.0,0.0,0.0,
565,pppn_medium,EX_pppn_medium,0.0,0.0,0.0,
566,pydam_medium,EX_pydam_medium,0.0,0.0,0.0,
567,pyr_medium,EX_pyr_medium,0.0,0.0,0.0,
568,raffin_medium,EX_raffin_medium,0.0,0.0,0.0,
579,so3_medium,EX_so3_medium,0.0,0.0,0.0,
569,rbflvrd_medium,EX_rbflvrd_medium,0.0,0.0,0.0,
571,rmn_medium,EX_rmn_medium,0.0,0.0,0.0,
572,sT_antigen_medium,EX_sT_antigen_medium,0.0,0.0,0.0,
573,sT_antigen_rl_medium,EX_sT_antigen_rl_medium,0.0,0.0,0.0,
575,sbt_D_medium,EX_sbt_D_medium,0.0,0.0,0.0,
576,sel_medium,EX_sel_medium,0.0,0.0,0.0,
577,selni_medium,EX_selni_medium,0.0,0.0,0.0,
570,rib_D_medium,EX_rib_D_medium,0.0,0.0,0.0,
521,isocapr_medium,EX_isocapr_medium,0.0,0.0,0.0,
520,isobut_medium,EX_isobut_medium,0.0,0.0,0.0,
519,isetac_medium,EX_isetac_medium,0.0,0.0,0.0,
462,dsT_antigen_medium,EX_dsT_antigen_medium,0.0,0.0,0.0,
463,dsT_antigen_rl_medium,EX_dsT_antigen_rl_medium,0.0,0.0,0.0,
464,etha_medium,EX_etha_medium,0.0,0.0,0.0,
465,ethso3_medium,EX_ethso3_medium,0.0,0.0,0.0,
466,etoh_medium,EX_etoh_medium,0.0,0.0,0.0,
467,f1a_medium,EX_f1a_medium,0.0,0.0,0.0,
461,drib_medium,EX_drib_medium,0.0,0.0,0.0,
468,f1a_rl_medium,EX_f1a_rl_medium,0.0,0.0,0.0,
472,fuc1p_L_medium,EX_fuc1p_L_medium,0.0,0.0,0.0,
473,fuc_L_medium,EX_fuc_L_medium,0.0,0.0,0.0,
474,g6p_medium,EX_g6p_medium,0.0,0.0,0.0,
475,gal1a3acgal_medium,EX_gal1a3acgal_medium,0.0,0.0,0.0,
476,gal1b3acgal_medium,EX_gal1b3acgal_medium,0.0,0.0,0.0,
478,galct_D_medium,EX_galct_D_medium,0.0,0.0,0.0,
469,fecrm_medium,EX_fecrm_medium,0.0,0.0,0.0,
479,galctn_D_medium,EX_galctn_D_medium,0.0,0.0,0.0,
460,dopa_medium,EX_dopa_medium,0.0,0.0,0.0,
458,dms_medium,EX_dms_medium,0.0,0.0,0.0,
443,core4_medium,EX_core4_medium,0.0,0.0,0.0,
444,core4_rl_medium,EX_core4_rl_medium,0.0,0.0,0.0,
445,core5_medium,EX_core5_medium,0.0,0.0,0.0,
297,MGlcn64_rl_medium,EX_MGlcn64_rl_medium,0.0,0.0,0.0,
447,core7_medium,EX_core7_medium,0.0,0.0,0.0,
448,core8_medium,EX_core8_medium,0.0,0.0,0.0,
459,dmso_medium,EX_dmso_medium,0.0,0.0,0.0,
449,crn_medium,EX_crn_medium,0.0,0.0,0.0,
452,ctbt_medium,EX_ctbt_medium,0.0,0.0,0.0,
453,cys_L_medium,EX_cys_L_medium,0.0,0.0,0.0,
454,dgchol_medium,EX_dgchol_medium,0.0,0.0,0.0,
455,dhcinnm_medium,EX_dhcinnm_medium,0.0,0.0,0.0,
456,dhpppn_medium,EX_dhpppn_medium,0.0,0.0,0.0,
457,diact_medium,EX_diact_medium,0.0,0.0,0.0,
450,cro4_medium,EX_cro4_medium,0.0,0.0,0.0,
441,core2_rl_medium,EX_core2_rl_medium,0.0,0.0,0.0,
480,galt_medium,EX_galt_medium,0.0,0.0,0.0,
482,gbbtn_medium,EX_gbbtn_medium,0.0,0.0,0.0,
503,glytyr_medium,EX_glytyr_medium,0.0,0.0,0.0,
504,gncore1_medium,EX_gncore1_medium,0.0,0.0,0.0,
505,gncore1_rl_medium,EX_gncore1_rl_medium,0.0,0.0,0.0,
506,gncore2_medium,EX_gncore2_medium,0.0,0.0,0.0,
507,gncore2_rl_medium,EX_gncore2_rl_medium,0.0,0.0,0.0,
508,gthrd_medium,EX_gthrd_medium,0.0,0.0,0.0,
502,glyphe_medium,EX_glyphe_medium,0.0,0.0,0.0,
509,h2_medium,EX_h2_medium,0.0,0.0,0.0,
513,hexs_medium,EX_hexs_medium,0.0,0.0,0.0,
514,hg2_medium,EX_hg2_medium,0.0,0.0,0.0,
515,hista_medium,EX_hista_medium,0.0,0.0,0.0,
516,icdchol_medium,EX_icdchol_medium,0.0,0.0,0.0,
517,idon_L_medium,EX_idon_L_medium,0.0,0.0,0.0,
518,ind3ac_medium,EX_ind3ac_medium,0.0,0.0,0.0,
512,hdca_medium,EX_hdca_medium,0.0,0.0,0.0,
481,galur_medium,EX_galur_medium,0.0,0.0,0.0,
501,glygn5_medium,EX_glygn5_medium,0.0,0.0,0.0,
499,glygn2_medium,EX_glygn2_medium,0.0,0.0,0.0,
484,gchola_medium,EX_gchola_medium,0.0,0.0,0.0,
485,glc_D_medium,EX_glc_D_medium,0.0,0.0,0.0,
486,glcn_medium,EX_glcn_medium,0.0,0.0,0.0,
487,glcr_medium,EX_glcr_medium,0.0,0.0,0.0,
488,glctnb_medium,EX_glctnb_medium,0.0,0.0,0.0,
489,glcur_medium,EX_glcur_medium,0.0,0.0,0.0,
500,glygn4_medium,EX_glygn4_medium,0.0,0.0,0.0,
490,glutar_medium,EX_glutar_medium,0.0,0.0,0.0,
492,glyasn_medium,EX_glyasn_medium,0.0,0.0,0.0,
493,glyasp_medium,EX_glyasp_medium,0.0,0.0,0.0,
495,glyclt_medium,EX_glyclt_medium,0.0,0.0,0.0,
496,glycys_medium,EX_glycys_medium,0.0,0.0,0.0,
497,glygln_medium,EX_glygln_medium,0.0,0.0,0.0,
498,glyglu_medium,EX_glyglu_medium,0.0,0.0,0.0,
491,gly_medium,EX_gly_medium,0.0,0.0,0.0,
296,MGlcn64_medium,EX_MGlcn64_medium,0.0,0.0,0.0,
0,C02528_medium,EX_C02528_medium,0.0,0.0,0.0,
294,MGlcn63_medium,EX_MGlcn63_medium,0.0,0.0,0.0,
95,MGlcn143_medium,EX_MGlcn143_medium,0.0,0.0,0.0,
96,MGlcn143_rl_medium,EX_MGlcn143_rl_medium,0.0,0.0,0.0,
97,MGlcn144_medium,EX_MGlcn144_medium,0.0,0.0,0.0,
98,MGlcn144_rl_medium,EX_MGlcn144_rl_medium,0.0,0.0,0.0,
99,MGlcn145_medium,EX_MGlcn145_medium,0.0,0.0,0.0,
100,MGlcn145_rl_medium,EX_MGlcn145_rl_medium,0.0,0.0,0.0,
94,MGlcn142_rl_medium,EX_MGlcn142_rl_medium,0.0,0.0,0.0,
101,MGlcn146_medium,EX_MGlcn146_medium,0.0,0.0,0.0,
103,MGlcn147_medium,EX_MGlcn147_medium,0.0,0.0,0.0,
104,MGlcn147_rl_medium,EX_MGlcn147_rl_medium,0.0,0.0,0.0,
105,MGlcn148_medium,EX_MGlcn148_medium,0.0,0.0,0.0,
106,MGlcn148_rl_medium,EX_MGlcn148_rl_medium,0.0,0.0,0.0,
107,MGlcn149_medium,EX_MGlcn149_medium,0.0,0.0,0.0,
108,MGlcn149_rl_medium,EX_MGlcn149_rl_medium,0.0,0.0,0.0,
102,MGlcn146_rl_medium,EX_MGlcn146_rl_medium,0.0,0.0,0.0,
93,MGlcn142_medium,EX_MGlcn142_medium,0.0,0.0,0.0,
92,MGlcn141_rl_medium,EX_MGlcn141_rl_medium,0.0,0.0,0.0,
91,MGlcn141_medium,EX_MGlcn141_medium,0.0,0.0,0.0,
76,MGlcn134_rl_medium,EX_MGlcn134_rl_medium,0.0,0.0,0.0,
77,MGlcn135_medium,EX_MGlcn135_medium,0.0,0.0,0.0,
78,MGlcn135_rl_medium,EX_MGlcn135_rl_medium,0.0,0.0,0.0,
79,MGlcn136_medium,EX_MGlcn136_medium,0.0,0.0,0.0,
80,MGlcn136_rl_medium,EX_MGlcn136_rl_medium,0.0,0.0,0.0,
81,MGlcn137_medium,EX_MGlcn137_medium,0.0,0.0,0.0,
82,MGlcn137_rl_medium,EX_MGlcn137_rl_medium,0.0,0.0,0.0,
83,MGlcn138_medium,EX_MGlcn138_medium,0.0,0.0,0.0,
84,MGlcn138_rl_medium,EX_MGlcn138_rl_medium,0.0,0.0,0.0,
85,MGlcn139_medium,EX_MGlcn139_medium,0.0,0.0,0.0,
86,MGlcn139_rl_medium,EX_MGlcn139_rl_medium,0.0,0.0,0.0,
87,MGlcn13_medium,EX_MGlcn13_medium,0.0,0.0,0.0,
88,MGlcn13_rl_medium,EX_MGlcn13_rl_medium,0.0,0.0,0.0,
89,MGlcn140_medium,EX_MGlcn140_medium,0.0,0.0,0.0,
90,MGlcn140_rl_medium,EX_MGlcn140_rl_medium,0.0,0.0,0.0,
109,MGlcn14_medium,EX_MGlcn14_medium,0.0,0.0,0.0,
110,MGlcn14_rl_medium,EX_MGlcn14_rl_medium,0.0,0.0,0.0,
111,MGlcn150_medium,EX_MGlcn150_medium,0.0,0.0,0.0,
112,MGlcn150_rl_medium,EX_MGlcn150_rl_medium,0.0,0.0,0.0,
132,MGlcn15_rl_medium,EX_MGlcn15_rl_medium,0.0,0.0,0.0,
133,MGlcn160_medium,EX_MGlcn160_medium,0.0,0.0,0.0,
134,MGlcn160_rl_medium,EX_MGlcn160_rl_medium,0.0,0.0,0.0,
135,MGlcn161_medium,EX_MGlcn161_medium,0.0,0.0,0.0,
136,MGlcn161_rl_medium,EX_MGlcn161_rl_medium,0.0,0.0,0.0,
137,MGlcn162_medium,EX_MGlcn162_medium,0.0,0.0,0.0,
138,MGlcn162_rl_medium,EX_MGlcn162_rl_medium,0.0,0.0,0.0,
139,MGlcn163_medium,EX_MGlcn163_medium,0.0,0.0,0.0,
140,MGlcn163_rl_medium,EX_MGlcn163_rl_medium,0.0,0.0,0.0,
141,MGlcn164_medium,EX_MGlcn164_medium,0.0,0.0,0.0,
142,MGlcn164_rl_medium,EX_MGlcn164_rl_medium,0.0,0.0,0.0,
143,MGlcn165_medium,EX_MGlcn165_medium,0.0,0.0,0.0,
295,MGlcn63_rl_medium,EX_MGlcn63_rl_medium,0.0,0.0,0.0,
145,MGlcn166_medium,EX_MGlcn166_medium,0.0,0.0,0.0,
146,MGlcn166_rl_medium,EX_MGlcn166_rl_medium,0.0,0.0,0.0,
131,MGlcn15_medium,EX_MGlcn15_medium,0.0,0.0,0.0,
75,MGlcn134_medium,EX_MGlcn134_medium,0.0,0.0,0.0,
130,MGlcn159_rl_medium,EX_MGlcn159_rl_medium,0.0,0.0,0.0,
128,MGlcn158_rl_medium,EX_MGlcn158_rl_medium,0.0,0.0,0.0,
113,MGlcn151_medium,EX_MGlcn151_medium,0.0,0.0,0.0,
114,MGlcn151_rl_medium,EX_MGlcn151_rl_medium,0.0,0.0,0.0,
115,MGlcn152_medium,EX_MGlcn152_medium,0.0,0.0,0.0,
116,MGlcn152_rl_medium,EX_MGlcn152_rl_medium,0.0,0.0,0.0,
117,MGlcn153_medium,EX_MGlcn153_medium,0.0,0.0,0.0,
118,MGlcn153_rl_medium,EX_MGlcn153_rl_medium,0.0,0.0,0.0,
119,MGlcn154_medium,EX_MGlcn154_medium,0.0,0.0,0.0,
120,MGlcn154_rl_medium,EX_MGlcn154_rl_medium,0.0,0.0,0.0,
121,MGlcn155_medium,EX_MGlcn155_medium,0.0,0.0,0.0,
122,MGlcn155_rl_medium,EX_MGlcn155_rl_medium,0.0,0.0,0.0,
123,MGlcn156_medium,EX_MGlcn156_medium,0.0,0.0,0.0,
124,MGlcn156_rl_medium,EX_MGlcn156_rl_medium,0.0,0.0,0.0,
125,MGlcn157_medium,EX_MGlcn157_medium,0.0,0.0,0.0,
126,MGlcn157_rl_medium,EX_MGlcn157_rl_medium,0.0,0.0,0.0,
127,MGlcn158_medium,EX_MGlcn158_medium,0.0,0.0,0.0,
129,MGlcn159_medium,EX_MGlcn159_medium,0.0,0.0,0.0,
147,MGlcn167_medium,EX_MGlcn167_medium,0.0,0.0,0.0,
74,MGlcn133_rl_medium,EX_MGlcn133_rl_medium,0.0,0.0,0.0,
72,MGlcn132_rl_medium,EX_MGlcn132_rl_medium,0.0,0.0,0.0,
20,MGlcn107_rl_medium,EX_MGlcn107_rl_medium,0.0,0.0,0.0,
21,MGlcn108_medium,EX_MGlcn108_medium,0.0,0.0,0.0,
22,MGlcn108_rl_medium,EX_MGlcn108_rl_medium,0.0,0.0,0.0,
23,MGlcn109_medium,EX_MGlcn109_medium,0.0,0.0,0.0,
24,MGlcn109_rl_medium,EX_MGlcn109_rl_medium,0.0,0.0,0.0,
25,MGlcn10_medium,EX_MGlcn10_medium,0.0,0.0,0.0,
19,MGlcn107_medium,EX_MGlcn107_medium,0.0,0.0,0.0,
26,MGlcn10_rl_medium,EX_MGlcn10_rl_medium,0.0,0.0,0.0,
28,MGlcn110_rl_medium,EX_MGlcn110_rl_medium,0.0,0.0,0.0,
29,MGlcn111_medium,EX_MGlcn111_medium,0.0,0.0,0.0,
30,MGlcn111_rl_medium,EX_MGlcn111_rl_medium,0.0,0.0,0.0,
31,MGlcn112_medium,EX_MGlcn112_medium,0.0,0.0,0.0,
32,MGlcn112_rl_medium,EX_MGlcn112_rl_medium,0.0,0.0,0.0,
33,MGlcn113_medium,EX_MGlcn113_medium,0.0,0.0,0.0,
27,MGlcn110_medium,EX_MGlcn110_medium,0.0,0.0,0.0,
18,MGlcn106_rl_medium,EX_MGlcn106_rl_medium,0.0,0.0,0.0,
17,MGlcn106_medium,EX_MGlcn106_medium,0.0,0.0,0.0,
16,MGlcn105_rl_medium,EX_MGlcn105_rl_medium,0.0,0.0,0.0,
1,Cit_Mg_medium,EX_Cit_Mg_medium,0.0,0.0,0.0,
2,HC02194_medium,EX_HC02194_medium,0.0,0.0,0.0,
3,Lcyst_medium,EX_Lcyst_medium,0.0,0.0,0.0,
4,Lkynr_medium,EX_Lkynr_medium,0.0,0.0,0.0,
5,MGlcn100_medium,EX_MGlcn100_medium,0.0,0.0,0.0,
6,MGlcn100_rl_medium,EX_MGlcn100_rl_medium,0.0,0.0,0.0,
7,MGlcn101_medium,EX_MGlcn101_medium,0.0,0.0,0.0,
8,MGlcn101_rl_medium,EX_MGlcn101_rl_medium,0.0,0.0,0.0,
9,MGlcn102_medium,EX_MGlcn102_medium,0.0,0.0,0.0,
10,MGlcn102_rl_medium,EX_MGlcn102_rl_medium,0.0,0.0,0.0,
11,MGlcn103_medium,EX_MGlcn103_medium,0.0,0.0,0.0,
12,MGlcn103_rl_medium,EX_MGlcn103_rl_medium,0.0,0.0,0.0,
13,MGlcn104_medium,EX_MGlcn104_medium,0.0,0.0,0.0,
14,MGlcn104_rl_medium,EX_MGlcn104_rl_medium,0.0,0.0,0.0,
15,MGlcn105_medium,EX_MGlcn105_medium,0.0,0.0,0.0,
34,MGlcn113_rl_medium,EX_MGlcn113_rl_medium,0.0,0.0,0.0,
35,MGlcn114_medium,EX_MGlcn114_medium,0.0,0.0,0.0,
36,MGlcn114_rl_medium,EX_MGlcn114_rl_medium,0.0,0.0,0.0,
37,MGlcn115_medium,EX_MGlcn115_medium,0.0,0.0,0.0,
57,MGlcn126_medium,EX_MGlcn126_medium,0.0,0.0,0.0,
58,MGlcn126_rl_medium,EX_MGlcn126_rl_medium,0.0,0.0,0.0,
59,MGlcn127_medium,EX_MGlcn127_medium,0.0,0.0,0.0,
60,MGlcn127_rl_medium,EX_MGlcn127_rl_medium,0.0,0.0,0.0,
61,MGlcn128_medium,EX_MGlcn128_medium,0.0,0.0,0.0,
62,MGlcn128_rl_medium,EX_MGlcn128_rl_medium,0.0,0.0,0.0,
63,MGlcn129_medium,EX_MGlcn129_medium,0.0,0.0,0.0,
64,MGlcn129_rl_medium,EX_MGlcn129_rl_medium,0.0,0.0,0.0,
65,MGlcn12_medium,EX_MGlcn12_medium,0.0,0.0,0.0,
66,MGlcn12_rl_medium,EX_MGlcn12_rl_medium,0.0,0.0,0.0,
67,MGlcn130_medium,EX_MGlcn130_medium,0.0,0.0,0.0,
68,MGlcn130_rl_medium,EX_MGlcn130_rl_medium,0.0,0.0,0.0,
69,MGlcn131_medium,EX_MGlcn131_medium,0.0,0.0,0.0,
70,MGlcn131_rl_medium,EX_MGlcn131_rl_medium,0.0,0.0,0.0,
71,MGlcn132_medium,EX_MGlcn132_medium,0.0,0.0,0.0,
56,MGlcn124_rl_medium,EX_MGlcn124_rl_medium,0.0,0.0,0.0,
73,MGlcn133_medium,EX_MGlcn133_medium,0.0,0.0,0.0,
55,MGlcn124_medium,EX_MGlcn124_medium,0.0,0.0,0.0,
53,MGlcn123_medium,EX_MGlcn123_medium,0.0,0.0,0.0,
38,MGlcn115_rl_medium,EX_MGlcn115_rl_medium,0.0,0.0,0.0,
39,MGlcn116_medium,EX_MGlcn116_medium,0.0,0.0,0.0,
40,MGlcn116_rl_medium,EX_MGlcn116_rl_medium,0.0,0.0,0.0,
41,MGlcn117_medium,EX_MGlcn117_medium,0.0,0.0,0.0,
42,MGlcn117_rl_medium,EX_MGlcn117_rl_medium,0.0,0.0,0.0,
43,MGlcn118_medium,EX_MGlcn118_medium,0.0,0.0,0.0,
44,MGlcn118_rl_medium,EX_MGlcn118_rl_medium,0.0,0.0,0.0,
45,MGlcn119_medium,EX_MGlcn119_medium,0.0,0.0,0.0,
46,MGlcn119_rl_medium,EX_MGlcn119_rl_medium,0.0,0.0,0.0,
47,MGlcn120_medium,EX_MGlcn120_medium,0.0,0.0,0.0,
48,MGlcn120_rl_medium,EX_MGlcn120_rl_medium,0.0,0.0,0.0,
49,MGlcn121_medium,EX_MGlcn121_medium,0.0,0.0,0.0,
50,MGlcn121_rl_medium,EX_MGlcn121_rl_medium,0.0,0.0,0.0,
51,MGlcn122_medium,EX_MGlcn122_medium,0.0,0.0,0.0,
52,MGlcn122_rl_medium,EX_MGlcn122_rl_medium,0.0,0.0,0.0,
54,MGlcn123_rl_medium,EX_MGlcn123_rl_medium,0.0,0.0,0.0,
148,MGlcn167_rl_medium,EX_MGlcn167_rl_medium,0.0,0.0,0.0,
144,MGlcn165_rl_medium,EX_MGlcn165_rl_medium,0.0,0.0,0.0,
150,MGlcn168_rl_medium,EX_MGlcn168_rl_medium,0.0,0.0,0.0,
240,MGlcn35_medium,EX_MGlcn35_medium,0.0,0.0,0.0,
241,MGlcn35_rl_medium,EX_MGlcn35_rl_medium,0.0,0.0,0.0,
242,MGlcn36_medium,EX_MGlcn36_medium,0.0,0.0,0.0,
243,MGlcn36_rl_medium,EX_MGlcn36_rl_medium,0.0,0.0,0.0,
244,MGlcn37_medium,EX_MGlcn37_medium,0.0,0.0,0.0,
245,MGlcn37_rl_medium,EX_MGlcn37_rl_medium,0.0,0.0,0.0,
246,MGlcn38_medium,EX_MGlcn38_medium,0.0,0.0,0.0,
247,MGlcn38_rl_medium,EX_MGlcn38_rl_medium,0.0,0.0,0.0,
248,MGlcn39_medium,EX_MGlcn39_medium,0.0,0.0,0.0,
249,MGlcn39_rl_medium,EX_MGlcn39_rl_medium,0.0,0.0,0.0,
251,MGlcn3_rl_medium,EX_MGlcn3_rl_medium,0.0,0.0,0.0,
252,MGlcn40_medium,EX_MGlcn40_medium,0.0,0.0,0.0,
253,MGlcn40_rl_medium,EX_MGlcn40_rl_medium,0.0,0.0,0.0,
254,MGlcn41_medium,EX_MGlcn41_medium,0.0,0.0,0.0,
255,MGlcn41_rl_medium,EX_MGlcn41_rl_medium,0.0,0.0,0.0,
239,MGlcn34_rl_medium,EX_MGlcn34_rl_medium,0.0,0.0,0.0,
256,MGlcn42_medium,EX_MGlcn42_medium,0.0,0.0,0.0,
238,MGlcn34_medium,EX_MGlcn34_medium,0.0,0.0,0.0,
236,MGlcn33_medium,EX_MGlcn33_medium,0.0,0.0,0.0,
221,MGlcn26_rl_medium,EX_MGlcn26_rl_medium,0.0,0.0,0.0,
149,MGlcn168_medium,EX_MGlcn168_medium,0.0,0.0,0.0,
223,MGlcn27_rl_medium,EX_MGlcn27_rl_medium,0.0,0.0,0.0,
224,MGlcn28_medium,EX_MGlcn28_medium,0.0,0.0,0.0,
225,MGlcn28_rl_medium,EX_MGlcn28_rl_medium,0.0,0.0,0.0,
226,MGlcn29_medium,EX_MGlcn29_medium,0.0,0.0,0.0,
227,MGlcn29_rl_medium,EX_MGlcn29_rl_medium,0.0,0.0,0.0,
228,MGlcn2_medium,EX_MGlcn2_medium,0.0,0.0,0.0,
229,MGlcn2_rl_medium,EX_MGlcn2_rl_medium,0.0,0.0,0.0,
230,MGlcn30_medium,EX_MGlcn30_medium,0.0,0.0,0.0,
231,MGlcn30_rl_medium,EX_MGlcn30_rl_medium,0.0,0.0,0.0,
232,MGlcn31_medium,EX_MGlcn31_medium,0.0,0.0,0.0,
233,MGlcn31_rl_medium,EX_MGlcn31_rl_medium,0.0,0.0,0.0,
234,MGlcn32_medium,EX_MGlcn32_medium,0.0,0.0,0.0,
235,MGlcn32_rl_medium,EX_MGlcn32_rl_medium,0.0,0.0,0.0,
237,MGlcn33_rl_medium,EX_MGlcn33_rl_medium,0.0,0.0,0.0,
220,MGlcn26_medium,EX_MGlcn26_medium,0.0,0.0,0.0,
257,MGlcn42_rl_medium,EX_MGlcn42_rl_medium,0.0,0.0,0.0,
259,MGlcn45_rl_medium,EX_MGlcn45_rl_medium,0.0,0.0,0.0,
279,MGlcn56_rl_medium,EX_MGlcn56_rl_medium,0.0,0.0,0.0,
280,MGlcn57_medium,EX_MGlcn57_medium,0.0,0.0,0.0,
281,MGlcn57_rl_medium,EX_MGlcn57_rl_medium,0.0,0.0,0.0,
282,MGlcn58_medium,EX_MGlcn58_medium,0.0,0.0,0.0,
283,MGlcn58_rl_medium,EX_MGlcn58_rl_medium,0.0,0.0,0.0,
284,MGlcn59_medium,EX_MGlcn59_medium,0.0,0.0,0.0,
285,MGlcn59_rl_medium,EX_MGlcn59_rl_medium,0.0,0.0,0.0,
286,MGlcn5_medium,EX_MGlcn5_medium,0.0,0.0,0.0,
287,MGlcn5_rl_medium,EX_MGlcn5_rl_medium,0.0,0.0,0.0,
288,MGlcn60_medium,EX_MGlcn60_medium,0.0,0.0,0.0,
289,MGlcn60_rl_medium,EX_MGlcn60_rl_medium,0.0,0.0,0.0,
290,MGlcn61_medium,EX_MGlcn61_medium,0.0,0.0,0.0,
291,MGlcn61_rl_medium,EX_MGlcn61_rl_medium,0.0,0.0,0.0,
292,MGlcn62_medium,EX_MGlcn62_medium,0.0,0.0,0.0,
293,MGlcn62_rl_medium,EX_MGlcn62_rl_medium,0.0,0.0,0.0,
278,MGlcn56_medium,EX_MGlcn56_medium,0.0,0.0,0.0,
258,MGlcn45_medium,EX_MGlcn45_medium,0.0,0.0,0.0,
277,MGlcn55_rl_medium,EX_MGlcn55_rl_medium,0.0,0.0,0.0,
275,MGlcn54_rl_medium,EX_MGlcn54_rl_medium,0.0,0.0,0.0,
260,MGlcn46_medium,EX_MGlcn46_medium,0.0,0.0,0.0,
261,MGlcn46_rl_medium,EX_MGlcn46_rl_medium,0.0,0.0,0.0,
262,MGlcn47_medium,EX_MGlcn47_medium,0.0,0.0,0.0,
263,MGlcn47_rl_medium,EX_MGlcn47_rl_medium,0.0,0.0,0.0,
264,MGlcn48_medium,EX_MGlcn48_medium,0.0,0.0,0.0,
265,MGlcn48_rl_medium,EX_MGlcn48_rl_medium,0.0,0.0,0.0,
266,MGlcn4_medium,EX_MGlcn4_medium,0.0,0.0,0.0,
267,MGlcn4_rl_medium,EX_MGlcn4_rl_medium,0.0,0.0,0.0,
268,MGlcn50_medium,EX_MGlcn50_medium,0.0,0.0,0.0,
269,MGlcn50_rl_medium,EX_MGlcn50_rl_medium,0.0,0.0,0.0,
270,MGlcn51_medium,EX_MGlcn51_medium,0.0,0.0,0.0,
271,MGlcn51_rl_medium,EX_MGlcn51_rl_medium,0.0,0.0,0.0,
272,MGlcn53_medium,EX_MGlcn53_medium,0.0,0.0,0.0,
273,MGlcn53_rl_medium,EX_MGlcn53_rl_medium,0.0,0.0,0.0,
274,MGlcn54_medium,EX_MGlcn54_medium,0.0,0.0,0.0,
276,MGlcn55_medium,EX_MGlcn55_medium,0.0,0.0,0.0,
219,MGlcn25_rl_medium,EX_MGlcn25_rl_medium,0.0,0.0,0.0,
222,MGlcn27_medium,EX_MGlcn27_medium,0.0,0.0,0.0,
217,MGlcn24_rl_medium,EX_MGlcn24_rl_medium,0.0,0.0,0.0,
170,MGlcn17_medium,EX_MGlcn17_medium,0.0,0.0,0.0,
171,MGlcn17_rl_medium,EX_MGlcn17_rl_medium,0.0,0.0,0.0,
172,MGlcn180_medium,EX_MGlcn180_medium,0.0,0.0,0.0,
173,MGlcn180_rl_medium,EX_MGlcn180_rl_medium,0.0,0.0,0.0,
174,MGlcn181_medium,EX_MGlcn181_medium,0.0,0.0,0.0,
175,MGlcn181_rl_medium,EX_MGlcn181_rl_medium,0.0,0.0,0.0,
169,MGlcn179_rl_medium,EX_MGlcn179_rl_medium,0.0,0.0,0.0,
176,MGlcn182_medium,EX_MGlcn182_medium,0.0,0.0,0.0,
178,MGlcn183_medium,EX_MGlcn183_medium,0.0,0.0,0.0,
179,MGlcn183_rl_medium,EX_MGlcn183_rl_medium,0.0,0.0,0.0,
180,MGlcn185_medium,EX_MGlcn185_medium,0.0,0.0,0.0,
181,MGlcn185_rl_medium,EX_MGlcn185_rl_medium,0.0,0.0,0.0,
182,MGlcn186_medium,EX_MGlcn186_medium,0.0,0.0,0.0,
218,MGlcn25_medium,EX_MGlcn25_medium,0.0,0.0,0.0,
177,MGlcn182_rl_medium,EX_MGlcn182_rl_medium,0.0,0.0,0.0,
168,MGlcn179_medium,EX_MGlcn179_medium,0.0,0.0,0.0,
167,MGlcn177_rl_medium,EX_MGlcn177_rl_medium,0.0,0.0,0.0,
166,MGlcn177_medium,EX_MGlcn177_medium,0.0,0.0,0.0,
151,MGlcn169_medium,EX_MGlcn169_medium,0.0,0.0,0.0,
152,MGlcn169_rl_medium,EX_MGlcn169_rl_medium,0.0,0.0,0.0,
153,MGlcn16_medium,EX_MGlcn16_medium,0.0,0.0,0.0,
154,MGlcn16_rl_medium,EX_MGlcn16_rl_medium,0.0,0.0,0.0,
155,MGlcn170_medium,EX_MGlcn170_medium,0.0,0.0,0.0,
156,MGlcn170_rl_medium,EX_MGlcn170_rl_medium,0.0,0.0,0.0,
157,MGlcn171_medium,EX_MGlcn171_medium,0.0,0.0,0.0,
158,MGlcn171_rl_medium,EX_MGlcn171_rl_medium,0.0,0.0,0.0,
159,MGlcn172_medium,EX_MGlcn172_medium,0.0,0.0,0.0,
160,MGlcn172_rl_medium,EX_MGlcn172_rl_medium,0.0,0.0,0.0,
161,MGlcn173_medium,EX_MGlcn173_medium,0.0,0.0,0.0,
162,MGlcn173_rl_medium,EX_MGlcn173_rl_medium,0.0,0.0,0.0,
163,MGlcn175_rl_medium,EX_MGlcn175_rl_medium,0.0,0.0,0.0,
164,MGlcn176_medium,EX_MGlcn176_medium,0.0,0.0,0.0,
165,MGlcn176_rl_medium,EX_MGlcn176_rl_medium,0.0,0.0,0.0,
184,MGlcn187_medium,EX_MGlcn187_medium,0.0,0.0,0.0,
185,MGlcn187_rl_medium,EX_MGlcn187_rl_medium,0.0,0.0,0.0,
183,MGlcn186_rl_medium,EX_MGlcn186_rl_medium,0.0,0.0,0.0,
187,MGlcn188_rl_medium,EX_MGlcn188_rl_medium,0.0,0.0,0.0,
202,MGlcn195_medium,EX_MGlcn195_medium,0.0,0.0,0.0,
186,MGlcn188_medium,EX_MGlcn188_medium,0.0,0.0,0.0,
204,MGlcn196_medium,EX_MGlcn196_medium,0.0,0.0,0.0,
205,MGlcn196_rl_medium,EX_MGlcn196_rl_medium,0.0,0.0,0.0,
206,MGlcn19_medium,EX_MGlcn19_medium,0.0,0.0,0.0,
207,MGlcn19_rl_medium,EX_MGlcn19_rl_medium,0.0,0.0,0.0,
208,MGlcn20_medium,EX_MGlcn20_medium,0.0,0.0,0.0,
209,MGlcn20_rl_medium,EX_MGlcn20_rl_medium,0.0,0.0,0.0,
210,MGlcn21_medium,EX_MGlcn21_medium,0.0,0.0,0.0,
211,MGlcn21_rl_medium,EX_MGlcn21_rl_medium,0.0,0.0,0.0,
212,MGlcn22_medium,EX_MGlcn22_medium,0.0,0.0,0.0,
213,MGlcn22_rl_medium,EX_MGlcn22_rl_medium,0.0,0.0,0.0,
214,MGlcn23_medium,EX_MGlcn23_medium,0.0,0.0,0.0,
215,MGlcn23_rl_medium,EX_MGlcn23_rl_medium,0.0,0.0,0.0,
216,MGlcn24_medium,EX_MGlcn24_medium,0.0,0.0,0.0,
201,MGlcn194_rl_medium,EX_MGlcn194_rl_medium,0.0,0.0,0.0,
200,MGlcn194_medium,EX_MGlcn194_medium,0.0,0.0,0.0,
203,MGlcn195_rl_medium,EX_MGlcn195_rl_medium,0.0,0.0,0.0,
198,MGlcn193_medium,EX_MGlcn193_medium,0.0,0.0,0.0,
188,MGlcn189_medium,EX_MGlcn189_medium,0.0,0.0,0.0,
189,MGlcn189_rl_medium,EX_MGlcn189_rl_medium,0.0,0.0,0.0,
199,MGlcn193_rl_medium,EX_MGlcn193_rl_medium,0.0,0.0,0.0,
191,MGlcn18_rl_medium,EX_MGlcn18_rl_medium,0.0,0.0,0.0,
192,MGlcn190_medium,EX_MGlcn190_medium,0.0,0.0,0.0,
190,MGlcn18_medium,EX_MGlcn18_medium,0.0,0.0,0.0,
194,MGlcn191_medium,EX_MGlcn191_medium,0.0,0.0,0.0,
197,MGlcn192_rl_medium,EX_MGlcn192_rl_medium,0.0,0.0,0.0,
193,MGlcn190_rl_medium,EX_MGlcn190_rl_medium,0.0,0.0,0.0,
195,MGlcn191_rl_medium,EX_MGlcn191_rl_medium,0.0,0.0,0.0,
196,MGlcn192_medium,EX_MGlcn192_medium,0.0,0.0,0.0,
301,MGlcn66_rl_medium,EX_MGlcn66_rl_medium,0.0,0.0,0.0,
596,urea_medium,EX_urea_medium,-0.0013611718229365,-0.0016705346545066,0.0003093628315701,-0.22727684070237478
483,gcald_medium,EX_gcald_medium,-0.0066487110904438,-0.0077633864827465,0.0011146753923026997,-0.1676528543862921
403,acgal_medium,EX_acgal_medium,0.0,-0.0339727324539499,0.0339727324539499,inf
451,csn_medium,EX_csn_medium,-0.0031305967211389,-0.044877809275248,0.041747212554109105,-13.335225285395946
588,thymd_medium,EX_thymd_medium,-0.2439355744536695,-0.2999776145558486,0.056042040102179086,-0.2297411528748674
250,MGlcn3_medium,EX_MGlcn3_medium,0.0,-0.2748924652104769,0.2748924652104769,inf
553,nh4_medium,EX_nh4_medium,-14.234359211836274,-14.830411221239313,0.5960520094030386,-0.04187417224285055
597,uri_medium,EX_uri_medium,-4.795962444841969,-5.431578887602643,0.6356164427606741,-0.13253157214445582
589,tma_medium,EX_tma_medium,-6.009579138911692,-8.13628362913175,2.1267044902200576,-0.3538857615585364
400,ac_medium,EX_ac_medium,-94.6917560964102,-97.54922532775134,2.857469231341142,-0.0301765364709449
439,co2_medium,EX_co2_medium,-89.93169548315207,-94.2083846685756,4.276689185423535,-0.0475548599684161
511,h_medium,EX_h_medium,-23.33119855798701,-29.231053831992785,5.899855274005777,-0.252874075857799
