,metabolite_id,metabolite_name,cross_feeding,produced_by,consumed_by
0,_12ppd_S_medium,"(S)-propane-1,2-diol",False,['Megamonas'],[]
1,_26dap_M_medium,"meso-2,6-Diaminoheptanedioate",True,['Bacteroides'],"['Alistipes', 'Paraprevotella', 'Dorea', 'Barnesiella', 'Phascolarctobacterium', 'Subdoligranulum']"
2,_2ddglcn_medium,2-Dehydro-3-deoxy-D-gluconate,False,[],[]
3,C02528_medium,chenodeoxycholate,False,[],[]
4,Lcyst_medium,L-cysteate(1-),False,[],[]
5,MGlcn100_medium,mucin-type O-glycan No 100,False,[],['Lachnospiraceae']
6,MGlcn100_rl_medium,released mucin-type O-glycan No 100,False,[],[]
7,MGlcn101_medium,mucin-type O-glycan No 101,False,[],['Bacteroides']
8,MGlcn101_rl_medium,released mucin-type O-glycan No 101,False,[],[]
9,MGlcn102_medium,mucin-type O-glycan No 102,True,"['Lachnospiraceae', 'Ruminococcus']",['Barnesiella']
10,MGlcn102_rl_medium,released mucin-type O-glycan No 102,False,[],[]
11,MGlcn104_medium,mucin-type O-glycan No 104,False,[],[]
12,MGlcn104_rl_medium,released mucin-type O-glycan No 104,False,[],[]
13,MGlcn105_medium,mucin-type O-glycan No 105,False,[],[]
14,MGlcn105_rl_medium,released mucin-type O-glycan No 105,False,[],[]
15,MGlcn106_medium,mucin-type O-glycan No 106,False,[],[]
16,MGlcn106_rl_medium,released mucin-type O-glycan No 106,False,[],[]
17,MGlcn107_medium,mucin-type O-glycan No 107,False,[],[]
18,MGlcn107_rl_medium,released mucin-type O-glycan No 107,False,[],[]
19,MGlcn108_medium,mucin-type O-glycan No 108,False,[],[]
20,MGlcn108_rl_medium,released mucin-type O-glycan No 108,False,[],[]
21,MGlcn109_medium,mucin-type O-glycan No 109,False,[],[]
22,MGlcn109_rl_medium,released mucin-type O-glycan No 109,False,[],[]
23,MGlcn10_medium,mucin-type O-glycan No 10,True,['Lachnospiraceae'],['Ruminococcus']
24,MGlcn10_rl_medium,released mucin-type O-glycan No 10,True,['Bacteroides'],['Lachnospiraceae']
25,MGlcn110_medium,mucin-type O-glycan No 110,False,[],[]
26,MGlcn110_rl_medium,released mucin-type O-glycan No 110,False,[],[]
27,MGlcn111_medium,mucin-type O-glycan No 111,False,[],[]
28,MGlcn111_rl_medium,released mucin-type O-glycan No 111,False,[],[]
29,MGlcn112_medium,mucin-type O-glycan No 112,False,[],[]
30,MGlcn112_rl_medium,released mucin-type O-glycan No 112,False,[],[]
31,MGlcn113_medium,mucin-type O-glycan No 113,False,[],[]
32,MGlcn113_rl_medium,released mucin-type O-glycan No 113,False,[],[]
33,MGlcn114_medium,mucin-type O-glycan No 114,False,[],[]
34,MGlcn114_rl_medium,released mucin-type O-glycan No 114,False,[],[]
35,MGlcn115_medium,mucin-type O-glycan No 115,False,[],[]
36,MGlcn115_rl_medium,released mucin-type O-glycan No 115,False,[],[]
37,MGlcn116_medium,mucin-type O-glycan No 116,False,[],[]
38,MGlcn116_rl_medium,released mucin-type O-glycan No 116,False,[],[]
39,MGlcn117_medium,mucin-type O-glycan No 117,False,[],['Lachnospiraceae']
40,MGlcn117_rl_medium,released mucin-type O-glycan No 117,False,[],[]
41,MGlcn119_medium,mucin-type O-glycan No 119,False,[],['Ruminococcus']
42,MGlcn119_rl_medium,released mucin-type O-glycan No 119,False,[],[]
43,MGlcn120_medium,mucin-type O-glycan No 120,False,[],['Lachnospiraceae']
44,MGlcn120_rl_medium,released mucin-type O-glycan No 120,False,[],[]
45,MGlcn122_medium,mucin-type O-glycan No 122,False,[],[]
46,MGlcn122_rl_medium,released mucin-type O-glycan No 122,False,[],[]
47,MGlcn124_medium,mucin-type O-glycan No 124,False,[],[]
48,MGlcn124_rl_medium,released mucin-type O-glycan No 124,False,[],[]
49,MGlcn126_medium,mucin-type O-glycan No 126,False,[],['Lachnospiraceae']
50,MGlcn126_rl_medium,released mucin-type O-glycan No 126,False,[],[]
51,MGlcn12_medium,mucin-type O-glycan No 12,True,['Clostridium'],['Lachnospiraceae']
52,MGlcn12_rl_medium,released mucin-type O-glycan No 12,False,['Lachnospiraceae'],[]
53,MGlcn130_medium,mucin-type O-glycan No 130,False,[],['Lachnospiraceae']
54,MGlcn130_rl_medium,released mucin-type O-glycan No 130,False,[],[]
55,MGlcn131_medium,mucin-type O-glycan No 131,False,[],['Lachnospiraceae']
56,MGlcn131_rl_medium,released mucin-type O-glycan No 131,False,[],[]
57,MGlcn137_medium,mucin-type O-glycan No 137,False,[],[]
58,MGlcn137_rl_medium,released mucin-type O-glycan No 137,False,[],[]
59,MGlcn138_medium,mucin-type O-glycan No 138,False,[],[]
60,MGlcn138_rl_medium,released mucin-type O-glycan No 138,False,[],[]
61,MGlcn139_medium,mucin-type O-glycan No 139,False,[],[]
62,MGlcn139_rl_medium,released mucin-type O-glycan No 139,False,[],[]
63,MGlcn13_medium,mucin-type O-glycan No 13,False,[],['Clostridium']
64,MGlcn13_rl_medium,released mucin-type O-glycan No 13,False,[],[]
65,MGlcn140_medium,mucin-type O-glycan No 140,False,[],[]
66,MGlcn140_rl_medium,released mucin-type O-glycan No 140,False,[],[]
67,MGlcn141_medium,mucin-type O-glycan No 141,False,[],[]
68,MGlcn141_rl_medium,released mucin-type O-glycan No 141,False,[],[]
69,MGlcn142_medium,mucin-type O-glycan No 142,False,[],[]
70,MGlcn142_rl_medium,released mucin-type O-glycan No 142,False,[],[]
71,MGlcn143_medium,mucin-type O-glycan No 143,False,['Clostridium'],[]
72,MGlcn143_rl_medium,released mucin-type O-glycan No 143,False,['Lachnospiraceae'],[]
73,MGlcn144_medium,mucin-type O-glycan No 144,False,[],['Paraprevotella']
74,MGlcn144_rl_medium,released mucin-type O-glycan No 144,False,[],[]
75,MGlcn145_medium,mucin-type O-glycan No 145,False,[],[]
76,MGlcn145_rl_medium,released mucin-type O-glycan No 145,False,[],[]
77,MGlcn146_medium,mucin-type O-glycan No 146,False,[],[]
78,MGlcn146_rl_medium,released mucin-type O-glycan No 146,False,[],[]
79,MGlcn147_medium,mucin-type O-glycan No 147,False,[],[]
80,MGlcn147_rl_medium,released mucin-type O-glycan No 147,False,[],[]
81,MGlcn148_medium,mucin-type O-glycan No 148,False,[],[]
82,MGlcn148_rl_medium,released mucin-type O-glycan No 148,False,[],[]
83,MGlcn149_medium,mucin-type O-glycan No 149,False,[],['Clostridium']
84,MGlcn149_rl_medium,released mucin-type O-glycan No 149,False,[],[]
85,MGlcn14_medium,mucin-type O-glycan No 14,False,[],[]
86,MGlcn14_rl_medium,released mucin-type O-glycan No 14,False,['Lachnospiraceae'],[]
87,MGlcn150_medium,mucin-type O-glycan No 150,False,[],['Lachnospiraceae']
88,MGlcn150_rl_medium,released mucin-type O-glycan No 150,False,[],[]
89,MGlcn151_medium,mucin-type O-glycan No 151,True,['Bifidobacterium'],['Clostridium']
90,MGlcn151_rl_medium,released mucin-type O-glycan No 151,False,[],[]
91,MGlcn152_medium,mucin-type O-glycan No 152,False,[],['Lachnospiraceae']
92,MGlcn152_rl_medium,released mucin-type O-glycan No 152,False,[],['Bacteroides']
93,MGlcn153_medium,mucin-type O-glycan No 153,False,[],[]
94,MGlcn153_rl_medium,released mucin-type O-glycan No 153,False,[],[]
95,MGlcn154_medium,mucin-type O-glycan No 154,False,[],[]
96,MGlcn154_rl_medium,released mucin-type O-glycan No 154,False,[],[]
97,MGlcn155_medium,mucin-type O-glycan No 155,False,[],[]
98,MGlcn155_rl_medium,released mucin-type O-glycan No 155,False,[],[]
99,MGlcn156_medium,mucin-type O-glycan No 156,False,[],[]
100,MGlcn156_rl_medium,released mucin-type O-glycan No 156,False,[],[]
101,MGlcn157_medium,mucin-type O-glycan No 157,False,[],[]
102,MGlcn157_rl_medium,released mucin-type O-glycan No 157,False,[],[]
103,MGlcn158_medium,mucin-type O-glycan No 158,False,[],[]
104,MGlcn158_rl_medium,released mucin-type O-glycan No 158,False,[],[]
105,MGlcn159_medium,mucin-type O-glycan No 159,False,[],[]
106,MGlcn159_rl_medium,released mucin-type O-glycan No 159,False,[],[]
107,MGlcn15_medium,mucin-type O-glycan No 15,False,[],[]
108,MGlcn15_rl_medium,released mucin-type O-glycan No 15,False,[],[]
109,MGlcn160_medium,mucin-type O-glycan No 160,False,[],[]
110,MGlcn160_rl_medium,released mucin-type O-glycan No 160,False,[],[]
111,MGlcn161_medium,mucin-type O-glycan No 161,False,[],[]
112,MGlcn161_rl_medium,released mucin-type O-glycan No 161,False,[],[]
113,MGlcn163_medium,mucin-type O-glycan No 163,False,[],[]
114,MGlcn163_rl_medium,released mucin-type O-glycan No 163,False,[],[]
115,MGlcn164_medium,mucin-type O-glycan No 164,True,['Lachnospiraceae'],"['Coprococcus', 'Ruminococcus']"
116,MGlcn164_rl_medium,released mucin-type O-glycan No 164,False,[],['Lachnospiraceae']
117,MGlcn165_medium,mucin-type O-glycan No 165,False,[],['Ruminococcus']
118,MGlcn165_rl_medium,released mucin-type O-glycan No 165,False,[],[]
119,MGlcn166_medium,mucin-type O-glycan No 166,True,"['Paraprevotella', 'Ruminococcus']",['Lachnospiraceae']
120,MGlcn166_rl_medium,released mucin-type O-glycan No 166,False,['Parabacteroides'],[]
121,MGlcn167_medium,mucin-type O-glycan No 167,True,['Bacteroides'],['Lachnospiraceae']
122,MGlcn167_rl_medium,released mucin-type O-glycan No 167,False,[],[]
123,MGlcn168_medium,mucin-type O-glycan No 168,False,[],['Lachnospiraceae']
124,MGlcn168_rl_medium,released mucin-type O-glycan No 168,False,[],[]
125,MGlcn169_medium,mucin-type O-glycan No 169,False,[],['Lachnospiraceae']
126,MGlcn169_rl_medium,released mucin-type O-glycan No 169,False,[],[]
127,MGlcn16_medium,mucin-type O-glycan No 16,True,['Paraprevotella'],['Lachnospiraceae']
128,MGlcn16_rl_medium,released mucin-type O-glycan No 16,False,[],[]
129,MGlcn170_medium,mucin-type O-glycan No 170,False,[],[]
130,MGlcn170_rl_medium,released mucin-type O-glycan No 170,False,[],[]
131,MGlcn171_medium,mucin-type O-glycan No 171,False,[],['Lachnospiraceae']
132,MGlcn171_rl_medium,released mucin-type O-glycan No 171,False,['Ruminococcus'],[]
133,MGlcn172_medium,mucin-type O-glycan No 172,False,[],[]
134,MGlcn172_rl_medium,released mucin-type O-glycan No 172,False,[],[]
135,MGlcn173_medium,mucin-type O-glycan No 173,False,[],[]
136,MGlcn173_rl_medium,released mucin-type O-glycan No 173,False,[],[]
137,MGlcn174_medium,mucin-type O-glycan No 174,True,['Coprococcus'],"['Clostridium', 'Subdoligranulum']"
138,MGlcn174_rl_medium,released mucin-type O-glycan No 174,False,[],['Lachnospiraceae']
139,MGlcn175_medium,mucin-type O-glycan No 175,False,[],['Bifidobacterium']
140,MGlcn175_rl_medium,released mucin-type O-glycan No 175,True,['Lachnospiraceae'],['Barnesiella']
141,MGlcn176_medium,mucin-type O-glycan No 176,True,['Subdoligranulum'],['Lachnospiraceae']
142,MGlcn176_rl_medium,released mucin-type O-glycan No 176,False,[],[]
143,MGlcn177_medium,mucin-type O-glycan No 177,False,[],['Paraprevotella']
144,MGlcn177_rl_medium,released mucin-type O-glycan No 177,False,[],[]
145,MGlcn178_medium,mucin-type O-glycan No 178,True,['Lachnospiraceae'],['Ruminococcus']
146,MGlcn178_rl_medium,released mucin-type O-glycan No 178,False,[],['Parabacteroides']
147,MGlcn179_medium,mucin-type O-glycan No 179,False,[],['Lachnospiraceae']
148,MGlcn179_rl_medium,released mucin-type O-glycan No 179,False,[],[]
149,MGlcn180_medium,mucin-type O-glycan No 180,False,[],['Paraprevotella']
150,MGlcn180_rl_medium,released mucin-type O-glycan No 180,False,[],[]
151,MGlcn181_medium,mucin-type O-glycan No 181,True,['Barnesiella'],['Lachnospiraceae']
152,MGlcn181_rl_medium,released mucin-type O-glycan No 181,False,[],['Ruminococcus']
153,MGlcn182_medium,mucin-type O-glycan No 182,False,[],[]
154,MGlcn182_rl_medium,released mucin-type O-glycan No 182,False,[],[]
155,MGlcn183_medium,mucin-type O-glycan No 183,True,['Subdoligranulum'],['Ruminococcus']
156,MGlcn183_rl_medium,released mucin-type O-glycan No 183,False,[],['Clostridium']
157,MGlcn185_medium,mucin-type O-glycan No 185,True,"['Ruminococcus', 'Bifidobacterium']",['Lachnospiraceae']
158,MGlcn185_rl_medium,released mucin-type O-glycan No 185,False,[],[]
159,MGlcn186_medium,mucin-type O-glycan No 186,False,[],[]
160,MGlcn186_rl_medium,released mucin-type O-glycan No 186,False,[],[]
161,MGlcn187_medium,mucin-type O-glycan No 187,False,[],[]
162,MGlcn187_rl_medium,released mucin-type O-glycan No 187,False,[],[]
163,MGlcn188_medium,mucin-type O-glycan No 188,False,[],['Ruminococcus']
164,MGlcn188_rl_medium,released mucin-type O-glycan No 188,False,[],[]
165,MGlcn189_medium,mucin-type O-glycan No 189,False,['Ruminococcus'],[]
166,MGlcn189_rl_medium,released mucin-type O-glycan No 189,False,[],[]
167,MGlcn18_medium,mucin-type O-glycan No 18,True,['Paraprevotella'],['Lachnospiraceae']
168,MGlcn18_rl_medium,released mucin-type O-glycan No 18,False,[],[]
169,MGlcn190_medium,mucin-type O-glycan No 190,False,['Parabacteroides'],[]
170,MGlcn190_rl_medium,released mucin-type O-glycan No 190,False,[],[]
171,MGlcn191_medium,mucin-type O-glycan No 191,False,[],[]
172,MGlcn191_rl_medium,released mucin-type O-glycan No 191,False,[],[]
173,MGlcn192_medium,mucin-type O-glycan No 192,False,[],['Parabacteroides']
174,MGlcn192_rl_medium,released mucin-type O-glycan No 192,False,[],[]
175,MGlcn193_medium,mucin-type O-glycan No 193,False,[],[]
176,MGlcn193_rl_medium,released mucin-type O-glycan No 193,False,[],[]
177,MGlcn194_medium,mucin-type O-glycan No 194,False,[],[]
178,MGlcn194_rl_medium,released mucin-type O-glycan No 194,False,[],[]
179,MGlcn195_medium,mucin-type O-glycan No 195,False,[],[]
180,MGlcn195_rl_medium,released mucin-type O-glycan No 195,False,[],[]
181,MGlcn196_medium,mucin-type O-glycan No 196,False,[],[]
182,MGlcn196_rl_medium,released mucin-type O-glycan No 196,False,[],[]
183,MGlcn20_medium,mucin-type O-glycan No 20,False,[],[]
184,MGlcn20_rl_medium,released mucin-type O-glycan No 20,False,[],[]
185,MGlcn21_medium,mucin-type O-glycan No 21,False,[],['Lachnospiraceae']
186,MGlcn21_rl_medium,released mucin-type O-glycan No 21,False,[],[]
187,MGlcn22_medium,mucin-type O-glycan No 22,False,[],[]
188,MGlcn22_rl_medium,released mucin-type O-glycan No 22,False,[],[]
189,MGlcn23_medium,mucin-type O-glycan No 23,False,[],[]
190,MGlcn23_rl_medium,released mucin-type O-glycan No 23,False,[],[]
191,MGlcn24_medium,mucin-type O-glycan No 24,False,[],[]
192,MGlcn24_rl_medium,released mucin-type O-glycan No 24,False,[],[]
193,MGlcn25_medium,mucin-type O-glycan No 25,False,[],[]
194,MGlcn25_rl_medium,released mucin-type O-glycan No 25,False,[],[]
195,MGlcn26_medium,mucin-type O-glycan No 26,False,[],[]
196,MGlcn26_rl_medium,released mucin-type O-glycan No 26,False,[],[]
197,MGlcn27_medium,mucin-type O-glycan No 27,False,[],[]
198,MGlcn27_rl_medium,released mucin-type O-glycan No 27,False,[],[]
199,MGlcn28_medium,mucin-type O-glycan No 28,False,['Ruminococcus'],[]
200,MGlcn28_rl_medium,released mucin-type O-glycan No 28,True,['Bifidobacterium'],['Paraprevotella']
201,MGlcn29_medium,mucin-type O-glycan No 29,False,[],[]
202,MGlcn29_rl_medium,released mucin-type O-glycan No 29,False,[],[]
203,MGlcn2_medium,mucin-type O-glycan No 2,True,['Bacteroides'],['Ruminococcus']
204,MGlcn2_rl_medium,released mucin-type O-glycan No 2,False,[],[]
205,MGlcn30_medium,mucin-type O-glycan No 30,False,[],[]
206,MGlcn30_rl_medium,released mucin-type O-glycan No 30,False,[],[]
207,MGlcn31_medium,mucin-type O-glycan No 31,False,[],[]
208,MGlcn31_rl_medium,released mucin-type O-glycan No 31,False,[],[]
209,MGlcn32_medium,mucin-type O-glycan No 32,False,[],[]
210,MGlcn32_rl_medium,released mucin-type O-glycan No 32,False,[],[]
211,MGlcn34_medium,mucin-type O-glycan No 34,False,[],[]
212,MGlcn34_rl_medium,released mucin-type O-glycan No 34,False,[],[]
213,MGlcn35_medium,mucin-type O-glycan No 35,False,[],[]
214,MGlcn35_rl_medium,released mucin-type O-glycan No 35,False,[],[]
215,MGlcn36_medium,mucin-type O-glycan No 36,False,[],[]
216,MGlcn36_rl_medium,released mucin-type O-glycan No 36,False,[],[]
217,MGlcn39_medium,mucin-type O-glycan No 39,False,[],[]
218,MGlcn39_rl_medium,released mucin-type O-glycan No 39,False,[],[]
219,MGlcn3_medium,mucin-type O-glycan No 3,True,"['Clostridium', 'Ruminococcus']",['Bacteroides']
220,MGlcn3_rl_medium,released mucin-type O-glycan No 3,True,['Clostridium'],['Lachnospiraceae']
221,MGlcn40_medium,mucin-type O-glycan No 40,False,[],['Ruminococcus']
222,MGlcn40_rl_medium,released mucin-type O-glycan No 40,False,[],[]
223,MGlcn41_medium,mucin-type O-glycan No 41,False,[],[]
224,MGlcn41_rl_medium,released mucin-type O-glycan No 41,False,[],[]
225,MGlcn42_medium,mucin-type O-glycan No 42,False,[],[]
226,MGlcn42_rl_medium,released mucin-type O-glycan No 42,False,[],[]
227,MGlcn45_medium,mucin-type O-glycan No 45,False,[],[]
228,MGlcn45_rl_medium,released mucin-type O-glycan No 45,False,[],[]
229,MGlcn46_medium,mucin-type O-glycan No 46,False,"['Lachnospiraceae', 'Ruminococcus']",[]
230,MGlcn46_rl_medium,released mucin-type O-glycan No 46,False,"['Paraprevotella', 'Lachnospiraceae', 'Ruminococcus']",[]
231,MGlcn48_medium,mucin-type O-glycan No 48,False,[],[]
232,MGlcn48_rl_medium,released mucin-type O-glycan No 48,False,[],[]
233,MGlcn4_medium,mucin-type O-glycan No 4,True,['Ruminococcus'],['Bifidobacterium']
234,MGlcn4_rl_medium,released mucin-type O-glycan No 4,False,[],[]
235,MGlcn51_medium,mucin-type O-glycan No 51,False,[],['Lachnospiraceae']
236,MGlcn51_rl_medium,released mucin-type O-glycan No 51,False,[],[]
237,MGlcn53_medium,mucin-type O-glycan No 53,False,[],[]
238,MGlcn53_rl_medium,released mucin-type O-glycan No 53,False,[],[]
239,MGlcn55_medium,mucin-type O-glycan No 55,False,[],[]
240,MGlcn55_rl_medium,released mucin-type O-glycan No 55,False,[],[]
241,MGlcn56_medium,mucin-type O-glycan No 56,False,[],[]
242,MGlcn56_rl_medium,released mucin-type O-glycan No 56,False,[],[]
243,MGlcn57_medium,mucin-type O-glycan No 57,False,[],[]
244,MGlcn57_rl_medium,released mucin-type O-glycan No 57,False,[],[]
245,MGlcn58_medium,mucin-type O-glycan No 58,False,[],[]
246,MGlcn58_rl_medium,released mucin-type O-glycan No 58,False,[],[]
247,MGlcn5_medium,mucin-type O-glycan No 5,False,[],['Lachnospiraceae']
248,MGlcn5_rl_medium,released mucin-type O-glycan No 5,False,[],[]
249,MGlcn61_medium,mucin-type O-glycan No 61,False,[],['Lachnospiraceae']
250,MGlcn61_rl_medium,released mucin-type O-glycan No 61,False,[],[]
251,MGlcn64_medium,mucin-type O-glycan No 64,False,[],['Subdoligranulum']
252,MGlcn64_rl_medium,released mucin-type O-glycan No 64,False,[],['Ruminococcus']
253,MGlcn65_medium,mucin-type O-glycan No 65,False,[],['Lachnospiraceae']
254,MGlcn65_rl_medium,released mucin-type O-glycan No 65,False,[],['Ruminococcus']
255,MGlcn66_medium,mucin-type O-glycan No 66,False,[],['Paraprevotella']
256,MGlcn66_rl_medium,released mucin-type O-glycan No 66,False,['Ruminococcus'],[]
257,MGlcn68_medium,mucin-type O-glycan No 68,False,[],['Paraprevotella']
258,MGlcn68_rl_medium,released mucin-type O-glycan No 68,False,['Ruminococcus'],[]
259,MGlcn69_medium,mucin-type O-glycan No 69,False,[],['Ruminococcus']
260,MGlcn69_rl_medium,released mucin-type O-glycan No 69,False,[],['Paraprevotella']
261,MGlcn6_medium,mucin-type O-glycan No 6,False,[],['Lachnospiraceae']
262,MGlcn6_rl_medium,released mucin-type O-glycan No 6,False,[],[]
263,MGlcn70_medium,mucin-type O-glycan No 70,False,[],[]
264,MGlcn70_rl_medium,released mucin-type O-glycan No 70,False,[],[]
265,MGlcn71_medium,mucin-type O-glycan No 71,False,[],[]
266,MGlcn71_rl_medium,released mucin-type O-glycan No 71,False,[],[]
267,MGlcn72_medium,mucin-type O-glycan No 72,False,[],[]
268,MGlcn72_rl_medium,released mucin-type O-glycan No 72,False,[],[]
269,MGlcn73_medium,mucin-type O-glycan No 73,False,[],[]
270,MGlcn73_rl_medium,released mucin-type O-glycan No 73,False,[],[]
271,MGlcn74_medium,mucin-type O-glycan No 74,False,[],[]
272,MGlcn74_rl_medium,released mucin-type O-glycan No 74,False,[],[]
273,MGlcn75_medium,mucin-type O-glycan No 75,False,[],[]
274,MGlcn75_rl_medium,released mucin-type O-glycan No 75,False,[],[]
275,MGlcn77_medium,mucin-type O-glycan No 77,False,[],[]
276,MGlcn77_rl_medium,released mucin-type O-glycan No 77,False,[],[]
277,MGlcn78_medium,mucin-type O-glycan No 78,False,[],[]
278,MGlcn78_rl_medium,released mucin-type O-glycan No 78,False,[],[]
279,MGlcn79_medium,mucin-type O-glycan No 79,False,['Ruminococcus'],[]
280,MGlcn79_rl_medium,released mucin-type O-glycan No 79,False,[],[]
281,MGlcn80_medium,mucin-type O-glycan No 80,False,['Ruminococcus'],[]
282,MGlcn80_rl_medium,released mucin-type O-glycan No 80,False,[],[]
283,MGlcn81_medium,mucin-type O-glycan No 81,False,[],['Lachnospiraceae']
284,MGlcn81_rl_medium,released mucin-type O-glycan No 81,False,[],[]
285,MGlcn82_medium,mucin-type O-glycan No 82,False,[],[]
286,MGlcn82_rl_medium,released mucin-type O-glycan No 82,False,[],[]
287,MGlcn83_medium,mucin-type O-glycan No 83,False,[],[]
288,MGlcn83_rl_medium,released mucin-type O-glycan No 83,False,[],[]
289,MGlcn84_medium,mucin-type O-glycan No 84,False,[],[]
290,MGlcn84_rl_medium,released mucin-type O-glycan No 84,False,[],[]
291,MGlcn85_medium,mucin-type O-glycan No 85,False,[],[]
292,MGlcn85_rl_medium,released mucin-type O-glycan No 85,False,[],['Lachnospiraceae']
293,MGlcn89_medium,mucin-type O-glycan No 89,False,[],[]
294,MGlcn89_rl_medium,released mucin-type O-glycan No 89,False,[],[]
295,MGlcn90_medium,mucin-type O-glycan No 90,False,[],[]
296,MGlcn90_rl_medium,released mucin-type O-glycan No 90,False,[],[]
297,MGlcn91_medium,mucin-type O-glycan No 91,False,[],[]
298,MGlcn91_rl_medium,released mucin-type O-glycan No 91,False,[],[]
299,MGlcn92_medium,mucin-type O-glycan No 92,False,[],[]
300,MGlcn92_rl_medium,released mucin-type O-glycan No 92,False,[],[]
301,MGlcn93_medium,mucin-type O-glycan No 93,False,[],[]
302,MGlcn93_rl_medium,released mucin-type O-glycan No 93,False,[],[]
303,MGlcn94_medium,mucin-type O-glycan No 94,False,[],[]
304,MGlcn94_rl_medium,released mucin-type O-glycan No 94,False,[],"['Paraprevotella', 'Lachnospiraceae']"
305,MGlcn95_medium,mucin-type O-glycan No 95,False,[],[]
306,MGlcn95_rl_medium,released mucin-type O-glycan No 95,False,[],[]
307,MGlcn96_medium,mucin-type O-glycan No 96,False,[],[]
308,MGlcn96_rl_medium,released mucin-type O-glycan No 96,False,[],['Bifidobacterium']
309,MGlcn97_medium,mucin-type O-glycan No 97,False,[],[]
310,MGlcn97_rl_medium,released mucin-type O-glycan No 97,False,[],[]
311,MGlcn98_medium,mucin-type O-glycan No 98,False,[],[]
312,MGlcn98_rl_medium,released mucin-type O-glycan No 98,False,[],[]
313,MGlcn99_medium,mucin-type O-glycan No 99,False,[],[]
314,MGlcn99_rl_medium,released mucin-type O-glycan No 99,False,[],[]
315,T_antigen_medium,T antigen (core 1),False,[],[]
316,Tn_antigen_medium,Tn antigen,False,"['Lachnospiraceae', 'Ruminococcus']",[]
317,ac_medium,acetate,True,"['Clostridium', 'Alistipes', 'Paraprevotella', 'Lachnospiraceae', 'Dorea', 'Escherichia', 'Bacteroides', 'Barnesiella', 'Streptococcus', 'Ruminococcus', 'Haemophilus', 'Veillonella', 'Sutterella', 'Odoribacter', 'Parabacteroides', 'Fusobacterium', 'Bifidobacterium', 'Subdoligranulum', 'Megamonas']","['Dialister', 'Prevotella']"
318,acald_medium,acetaldehyde,False,"['Paraprevotella', 'Dorea', 'Ruminococcus', 'Klebsiella', 'Fusobacterium', 'Bifidobacterium', 'Megamonas']",[]
319,acgal_medium,N-acetyl-D-galactosamine,False,"['Lachnospiraceae', 'Barnesiella']",[]
320,acgam_medium,N-acetyl-D-glucosamine,True,"['Lachnospiraceae', 'Bacteroides', 'Ruminococcus']","['Escherichia', 'Streptococcus', 'Haemophilus', 'Roseburia', 'Klebsiella', 'Faecalibacterium', 'Bifidobacterium', 'Subdoligranulum']"
321,acnam2a6agal_medium,"Alpha-2,6-N-acetylneuraminate-N-acetylgalactosamine",False,[],[]
322,acnam_medium,N-acetylneuraminate,True,"['Lachnospiraceae', 'Ruminococcus']","['Clostridium', 'Parabacteroides', 'Megamonas']"
323,adn_medium,Adenosine,True,"['Clostridium', 'Alistipes', 'Parabacteroides']","['Paraprevotella', 'Dorea', 'Veillonella', 'Odoribacter', 'Fusobacterium']"
324,adocbl_medium,Adenosylcobalamin,False,[],[]
325,agal1b3agal_medium,"Beta-1,3-N,N-diacetylgalactosamine",False,[],[]
326,agam1b3agal_medium,"Beta-1,3-N-acetylglucosamine-N-acetylgalactosamine",False,[],[]
327,agam1b6agal_medium,"Beta-1,6-N-acetylglucosamine-N-acetylgalactosamine",False,[],[]
328,ala_L_medium,L-alanine,True,"['Veillonella', 'Megamonas']","['Alistipes', 'Paraprevotella', 'Coprococcus', 'Lachnospiraceae', 'Dialister', 'Ruminococcus', 'Phascolarctobacterium', 'Haemophilus', 'Roseburia', 'Collinsella', 'Fusobacterium', 'Faecalibacterium', 'Bifidobacterium']"
329,alaasp_medium,L-alanyl-L-aspartate,False,[],['Veillonella']
330,alagln_medium,L-alanyl-L-glutamine,False,[],"['Streptococcus', 'Veillonella', 'Sutterella']"
331,alaglu_medium,L-alanyl-L-glutamate,False,[],['Clostridium']
332,alagly_medium,L-alanylglycine,False,[],['Roseburia']
333,alahis_medium,L-alanyl-L-histidine,False,[],"['Phascolarctobacterium', 'Roseburia', 'Sutterella']"
334,alaleu_medium,L-alanyl-L-leucine,True,['Veillonella'],"['Sutterella', 'Klebsiella']"
335,alathr_medium,L-alanyl-L-threonine,False,[],"['Veillonella', 'Collinsella']"
336,alltn_medium,Allantoin,False,[],[]
337,arab_L_medium,L-arabinose,True,['Bifidobacterium'],['Roseburia']
338,arbt_medium,Arbutin,False,[],['Clostridium']
339,arg_L_medium,L-argininium(1+),False,[],"['Clostridium', 'Alistipes', 'Coprococcus', 'Escherichia', 'Bacteroides', 'Haemophilus', 'Odoribacter', 'Klebsiella', 'Collinsella', 'Parabacteroides', 'Fusobacterium', 'Prevotella']"
340,arsenb_medium,Arsenobetaine,False,[],[]
341,asn_L_medium,L-asparagine,True,['Lachnospiraceae'],"['Clostridium', 'Alistipes', 'Paraprevotella', 'Dorea', 'Escherichia', 'Barnesiella', 'Streptococcus', 'Dialister', 'Phascolarctobacterium', 'Haemophilus', 'Veillonella', 'Odoribacter', 'Klebsiella', 'Collinsella', 'Fusobacterium', 'Prevotella', 'Megamonas']"
342,asp_L_medium,L-aspartate(1-),True,"['Collinsella', 'Faecalibacterium']","['Paraprevotella', 'Lachnospiraceae', 'Escherichia', 'Streptococcus', 'Eubacterium', 'Ruminococcus', 'Haemophilus', 'Roseburia', 'Veillonella', 'Sutterella', 'Fusobacterium', 'Bifidobacterium', 'Subdoligranulum']"
343,bhb_medium,(R)-3-hydroxybutyrate,False,[],[]
344,btn_medium,Biotin,False,[],[]
345,but_medium,butyrate,False,"['Coprococcus', 'Odoribacter', 'Fusobacterium']",[]
346,butso3_medium,butanesulfonate,False,[],[]
347,ca2_medium,calcium(2+),False,[],"['Clostridium', 'Alistipes', 'Paraprevotella', 'Coprococcus', 'Lachnospiraceae', 'Dorea', 'Escherichia', 'Bacteroides', 'Barnesiella', 'Streptococcus', 'Dialister', 'Eubacterium', 'Ruminococcus', 'Phascolarctobacterium', 'Haemophilus', 'Roseburia', 'Veillonella', 'Sutterella', 'Odoribacter', 'Klebsiella', 'Collinsella', 'Parabacteroides', 'Fusobacterium', 'Faecalibacterium', 'Bifidobacterium', 'Subdoligranulum', 'Prevotella', 'Megamonas']"
348,cbl1_medium,Cob(I)alamin,False,[],[]
349,cbl2_medium,Cob(II)alamin,False,[],[]
350,cd2_medium,Cadmium,False,[],[]
351,cellb_medium,cellobiose,False,[],[]
352,cgly_medium,L-cysteinylglycine,False,[],"['Paraprevotella', 'Dialister', 'Sutterella', 'Odoribacter']"
353,chol_medium,Choline,False,[],[]
354,cholate_medium,Cholate,False,[],[]
355,cit_medium,Citrate,False,[],"['Haemophilus', 'Veillonella']"
356,cl_medium,Chloride,False,[],"['Clostridium', 'Alistipes', 'Paraprevotella', 'Coprococcus', 'Lachnospiraceae', 'Dorea', 'Escherichia', 'Bacteroides', 'Barnesiella', 'Streptococcus', 'Dialister', 'Eubacterium', 'Ruminococcus', 'Phascolarctobacterium', 'Haemophilus', 'Roseburia', 'Veillonella', 'Sutterella', 'Odoribacter', 'Klebsiella', 'Collinsella', 'Parabacteroides', 'Fusobacterium', 'Faecalibacterium', 'Bifidobacterium', 'Subdoligranulum', 'Prevotella', 'Megamonas']"
357,co2_medium,carbon dioxide,True,"['Clostridium', 'Alistipes', 'Paraprevotella', 'Coprococcus', 'Lachnospiraceae', 'Dorea', 'Escherichia', 'Bacteroides', 'Streptococcus', 'Dialister', 'Eubacterium', 'Ruminococcus', 'Phascolarctobacterium', 'Roseburia', 'Veillonella', 'Sutterella', 'Odoribacter', 'Klebsiella', 'Parabacteroides', 'Fusobacterium', 'Bifidobacterium', 'Subdoligranulum', 'Prevotella']","['Barnesiella', 'Faecalibacterium', 'Megamonas']"
358,cobalt2_medium,Co2+,False,[],"['Clostridium', 'Alistipes', 'Paraprevotella', 'Escherichia', 'Bacteroides', 'Barnesiella', 'Streptococcus', 'Eubacterium', 'Ruminococcus', 'Haemophilus', 'Roseburia', 'Veillonella', 'Sutterella', 'Odoribacter', 'Klebsiella', 'Collinsella', 'Fusobacterium', 'Faecalibacterium', 'Bifidobacterium', 'Subdoligranulum', 'Prevotella', 'Megamonas']"
359,core2_medium,Core 2,False,"['Paraprevotella', 'Lachnospiraceae']",[]
360,core2_rl_medium,released Core 2,False,[],[]
361,core3_medium,Core 3,True,['Clostridium'],['Lachnospiraceae']
362,core4_medium,Core 4,False,[],"['Clostridium', 'Ruminococcus']"
363,core4_rl_medium,released Core 4,False,[],['Barnesiella']
364,core5_medium,Core 5,False,[],[]
365,core6_medium,Core 6,False,[],[]
366,core8_medium,Core 8,False,[],[]
367,cro4_medium,chromate,False,[],[]
368,csn_medium,cytosine,True,['Megamonas'],['Sutterella']
369,cu2_medium,Cu2+,False,[],"['Clostridium', 'Alistipes', 'Paraprevotella', 'Coprococcus', 'Lachnospiraceae', 'Dorea', 'Escherichia', 'Bacteroides', 'Barnesiella', 'Streptococcus', 'Dialister', 'Eubacterium', 'Ruminococcus', 'Phascolarctobacterium', 'Haemophilus', 'Roseburia', 'Veillonella', 'Sutterella', 'Odoribacter', 'Klebsiella', 'Collinsella', 'Parabacteroides', 'Fusobacterium', 'Faecalibacterium', 'Bifidobacterium', 'Subdoligranulum', 'Prevotella', 'Megamonas']"
370,cys_L_medium,L-cysteine,False,[],"['Clostridium', 'Alistipes', 'Dorea', 'Escherichia', 'Streptococcus', 'Ruminococcus', 'Haemophilus', 'Sutterella', 'Collinsella', 'Fusobacterium', 'Faecalibacterium', 'Bifidobacterium', 'Subdoligranulum', 'Megamonas']"
371,cytd_medium,Cytidine,True,"['Escherichia', 'Bifidobacterium']","['Clostridium', 'Alistipes', 'Paraprevotella', 'Dorea', 'Barnesiella', 'Phascolarctobacterium', 'Parabacteroides', 'Fusobacterium', 'Prevotella', 'Megamonas']"
372,dad_2_medium,2-deoxyadenosine,True,"['Phascolarctobacterium', 'Sutterella', 'Parabacteroides']","['Clostridium', 'Alistipes', 'Paraprevotella']"
373,dcyt_medium,Deoxycytidine,False,[],"['Barnesiella', 'Streptococcus', 'Dialister', 'Haemophilus', 'Parabacteroides', 'Faecalibacterium']"
374,dextrin_medium,Dextrin,False,[],['Alistipes']
375,dgchol_medium,glycochenodeoxycholate,False,[],[]
376,dgsn_medium,Deoxyguanosine,True,['Phascolarctobacterium'],"['Dorea', 'Barnesiella', 'Dialister', 'Klebsiella', 'Parabacteroides', 'Megamonas']"
377,din_medium,Deoxyinosine,True,['Fusobacterium'],"['Dorea', 'Escherichia']"
378,drib_medium,2-deoxy-D-ribose,False,[],['Phascolarctobacterium']
379,duri_medium,Deoxyuridine,True,['Odoribacter'],"['Clostridium', 'Alistipes', 'Paraprevotella', 'Fusobacterium']"
380,ethso3_medium,ethanesulfonate,False,[],[]
381,etoh_medium,ethanol,True,"['Escherichia', 'Bacteroides', 'Streptococcus']",['Roseburia']
382,f1a_medium,F1alpha,False,[],[]
383,f1a_rl_medium,released F1alpha antigen,False,[],[]
384,fe2_medium,Fe2+,False,[],"['Clostridium', 'Alistipes', 'Paraprevotella', 'Coprococcus', 'Lachnospiraceae', 'Dorea', 'Bacteroides', 'Barnesiella', 'Eubacterium', 'Ruminococcus', 'Phascolarctobacterium', 'Roseburia', 'Veillonella', 'Collinsella', 'Faecalibacterium', 'Subdoligranulum', 'Prevotella', 'Megamonas']"
385,fe3_medium,Fe3+,False,[],"['Clostridium', 'Alistipes', 'Coprococcus', 'Lachnospiraceae', 'Dorea', 'Escherichia', 'Bacteroides', 'Barnesiella', 'Streptococcus', 'Dialister', 'Eubacterium', 'Ruminococcus', 'Phascolarctobacterium', 'Haemophilus', 'Roseburia', 'Veillonella', 'Sutterella', 'Collinsella', 'Parabacteroides', 'Fusobacterium', 'Faecalibacterium', 'Bifidobacterium', 'Subdoligranulum', 'Prevotella', 'Megamonas']"
386,for_medium,Formate,True,"['Paraprevotella', 'Bacteroides', 'Streptococcus', 'Eubacterium', 'Ruminococcus', 'Phascolarctobacterium', 'Haemophilus', 'Veillonella', 'Odoribacter', 'Collinsella', 'Parabacteroides', 'Fusobacterium', 'Faecalibacterium', 'Megamonas']",['Sutterella']
387,fru_medium,D-Fructose,True,['Dorea'],"['Clostridium', 'Lachnospiraceae', 'Escherichia', 'Eubacterium', 'Ruminococcus', 'Phascolarctobacterium', 'Veillonella', 'Faecalibacterium', 'Bifidobacterium', 'Subdoligranulum']"
388,fuc_L_medium,L-fucose,True,"['Paraprevotella', 'Lachnospiraceae', 'Ruminococcus']",['Megamonas']
389,fum_medium,Fumarate,True,"['Eubacterium', 'Klebsiella', 'Faecalibacterium']","['Clostridium', 'Haemophilus', 'Sutterella']"
390,gal1a3acgal_medium,"Alpha-1,3-Galactose-N-acetylgalactosamine",False,[],[]
391,gal1b3acgal_medium,"Beta-1,3-Galactose-N-acetylgalactosamine",False,[],[]
392,gal_medium,D-Galactose,False,"['Lachnospiraceae', 'Bacteroides', 'Barnesiella', 'Bifidobacterium', 'Subdoligranulum']",[]
393,galt_medium,galactitol,False,[],[]
394,gchola_medium,glycocholate,False,[],[]
395,glc_D_medium,D-glucose,True,"['Streptococcus', 'Roseburia']","['Lachnospiraceae', 'Escherichia', 'Veillonella']"
396,gln_L_medium,L-glutamine,True,"['Paraprevotella', 'Lachnospiraceae']","['Coprococcus', 'Streptococcus', 'Dialister', 'Eubacterium', 'Phascolarctobacterium', 'Bifidobacterium', 'Subdoligranulum']"
397,glu_L_medium,L-glutamate(1-),True,['Klebsiella'],"['Clostridium', 'Alistipes', 'Paraprevotella', 'Lachnospiraceae', 'Dorea', 'Escherichia', 'Bacteroides', 'Streptococcus', 'Eubacterium', 'Ruminococcus', 'Roseburia', 'Sutterella', 'Odoribacter', 'Collinsella', 'Fusobacterium', 'Prevotella', 'Megamonas']"
398,gly_medium,Glycine,True,"['Eubacterium', 'Roseburia', 'Veillonella', 'Faecalibacterium']","['Clostridium', 'Coprococcus', 'Lachnospiraceae', 'Dorea', 'Streptococcus', 'Dialister', 'Haemophilus', 'Odoribacter', 'Megamonas']"
399,glyasn_medium,Glycyl-L-asparagine,False,[],"['Phascolarctobacterium', 'Sutterella']"
400,glyasp_medium,Glycyl-L-aspartate,False,[],['Dialister']
401,glyb_medium,glycine betaine,False,[],['Coprococcus']
402,glyc3p_medium,Glycerol 3-phosphate,True,['Escherichia'],"['Barnesiella', 'Sutterella', 'Bifidobacterium']"
403,glyc_medium,Glycerol,True,"['Alistipes', 'Paraprevotella', 'Haemophilus', 'Faecalibacterium', 'Bifidobacterium']","['Barnesiella', 'Odoribacter', 'Parabacteroides', 'Fusobacterium']"
404,glycys_medium,Gly-Cys,True,['Sutterella'],"['Phascolarctobacterium', 'Roseburia', 'Veillonella']"
405,glygln_medium,Glycyl-L-glutamine,False,[],['Clostridium']
406,glyglu_medium,Glycyl-L-glutamate,False,[],['Veillonella']
407,glyleu_medium,Glycylleucine,False,[],"['Veillonella', 'Collinsella']"
408,glymet_medium,Glycyl-L-methionine,False,[],"['Escherichia', 'Sutterella']"
409,glyphe_medium,Glycylphenylalanine,False,[],"['Escherichia', 'Phascolarctobacterium']"
410,glypro_medium,Glycylproline,False,[],"['Clostridium', 'Coprococcus', 'Escherichia', 'Sutterella']"
411,glytyr_medium,Glycyl-L-tyrosine,False,[],"['Veillonella', 'Collinsella', 'Faecalibacterium']"
412,gncore1_medium,"GlcNAc-alpha-1,4-Core 1",False,[],[]
413,gncore1_rl_medium,"released GlcNAc-alpha-1,4-Core 1",False,[],[]
414,gncore2_medium,"GlcNAc-alpha-1,4-Core 2",False,[],[]
415,gncore2_rl_medium,"released GlcNAc-alpha-1,4-Core 2",False,[],[]
416,h2_medium,Hydrogen,True,"['Alistipes', 'Phascolarctobacterium']","['Clostridium', 'Klebsiella']"
417,h2o_medium,Water,True,"['Coprococcus', 'Dialister', 'Phascolarctobacterium', 'Odoribacter', 'Faecalibacterium', 'Subdoligranulum']","['Clostridium', 'Alistipes', 'Haemophilus', 'Roseburia', 'Collinsella', 'Parabacteroides', 'Megamonas']"
418,h_medium,proton,True,"['Clostridium', 'Paraprevotella', 'Lachnospiraceae', 'Dorea', 'Bacteroides', 'Barnesiella', 'Ruminococcus', 'Haemophilus', 'Roseburia', 'Veillonella', 'Parabacteroides', 'Bifidobacterium', 'Subdoligranulum', 'Prevotella']","['Alistipes', 'Streptococcus', 'Dialister', 'Phascolarctobacterium', 'Sutterella']"
419,hexs_medium,hexanesulfonate,False,[],[]
420,hg2_medium,Hg2+,False,[],[]
421,his_L_medium,L-histidine,True,"['Eubacterium', 'Sutterella']","['Clostridium', 'Alistipes', 'Coprococcus', 'Lachnospiraceae', 'Barnesiella', 'Streptococcus', 'Dialister', 'Ruminococcus', 'Haemophilus', 'Veillonella', 'Klebsiella', 'Collinsella', 'Fusobacterium', 'Faecalibacterium', 'Bifidobacterium', 'Subdoligranulum', 'Megamonas']"
422,hxan_medium,Hypoxanthine,True,"['Roseburia', 'Faecalibacterium']","['Coprococcus', 'Ruminococcus', 'Collinsella', 'Bifidobacterium']"
423,ile_L_medium,L-isoleucine,False,[],"['Clostridium', 'Alistipes', 'Lachnospiraceae', 'Escherichia', 'Streptococcus', 'Dialister', 'Phascolarctobacterium', 'Roseburia', 'Veillonella', 'Sutterella', 'Klebsiella', 'Collinsella', 'Fusobacterium', 'Faecalibacterium', 'Bifidobacterium', 'Subdoligranulum', 'Megamonas']"
424,ind3ac_medium,indole-3-acetate,False,[],[]
425,ins_medium,Inosine,True,"['Paraprevotella', 'Prevotella']","['Phascolarctobacterium', 'Haemophilus', 'Parabacteroides', 'Fusobacterium', 'Megamonas']"
426,isetac_medium,Isethionic acid,False,[],[]
427,k_medium,potassium,False,[],"['Clostridium', 'Alistipes', 'Paraprevotella', 'Coprococcus', 'Lachnospiraceae', 'Dorea', 'Escherichia', 'Bacteroides', 'Barnesiella', 'Streptococcus', 'Dialister', 'Eubacterium', 'Ruminococcus', 'Phascolarctobacterium', 'Haemophilus', 'Roseburia', 'Veillonella', 'Sutterella', 'Odoribacter', 'Klebsiella', 'Collinsella', 'Parabacteroides', 'Fusobacterium', 'Faecalibacterium', 'Bifidobacterium', 'Subdoligranulum', 'Prevotella', 'Megamonas']"
428,lac_D_medium,(R)-lactate,True,"['Escherichia', 'Roseburia', 'Klebsiella', 'Fusobacterium', 'Faecalibacterium']",['Alistipes']
429,lac_L_medium,(S)-lactate,True,"['Clostridium', 'Bacteroides', 'Eubacterium', 'Veillonella', 'Collinsella', 'Subdoligranulum', 'Prevotella']",['Streptococcus']
430,lcts_medium,Lactose,False,[],"['Barnesiella', 'Odoribacter']"
431,leu_L_medium,L-leucine,True,"['Ruminococcus', 'Phascolarctobacterium']","['Clostridium', 'Alistipes', 'Coprococcus', 'Lachnospiraceae', 'Escherichia', 'Bacteroides', 'Streptococcus', 'Dialister', 'Eubacterium', 'Haemophilus', 'Roseburia', 'Veillonella', 'Odoribacter', 'Collinsella', 'Parabacteroides', 'Fusobacterium', 'Faecalibacterium', 'Bifidobacterium', 'Subdoligranulum', 'Megamonas']"
432,lys_L_medium,L-lysinium(1+),False,[],"['Clostridium', 'Alistipes', 'Paraprevotella', 'Coprococcus', 'Lachnospiraceae', 'Dorea', 'Escherichia', 'Bacteroides', 'Barnesiella', 'Streptococcus', 'Dialister', 'Eubacterium', 'Ruminococcus', 'Phascolarctobacterium', 'Haemophilus', 'Roseburia', 'Veillonella', 'Odoribacter', 'Klebsiella', 'Collinsella', 'Parabacteroides', 'Fusobacterium', 'Faecalibacterium', 'Bifidobacterium', 'Subdoligranulum', 'Prevotella', 'Megamonas']"
433,malt_medium,Maltose,False,[],"['Barnesiella', 'Streptococcus', 'Eubacterium', 'Collinsella', 'Faecalibacterium']"
434,malthx_medium,Maltohexaose,False,[],['Clostridium']
435,malttr_medium,maltotriose,False,[],[]
436,man_medium,D-Mannose,False,[],['Faecalibacterium']
437,mantr_medium,"mannotriose (beta-1,4)",False,[],['Parabacteroides']
438,met_D_medium,D-Methionine,False,[],[]
439,met_L_medium,L-methionine,False,[],"['Clostridium', 'Alistipes', 'Paraprevotella', 'Lachnospiraceae', 'Streptococcus', 'Dialister', 'Eubacterium', 'Ruminococcus', 'Roseburia', 'Sutterella', 'Odoribacter', 'Collinsella', 'Fusobacterium', 'Faecalibacterium', 'Bifidobacterium', 'Subdoligranulum', 'Prevotella', 'Megamonas']"
440,metala_medium,L-methionyl-L-alanine,False,[],"['Coprococcus', 'Phascolarctobacterium', 'Veillonella', 'Subdoligranulum']"
441,metsox_R_L_medium,L-methionine-R-sulfoxide,False,[],[]
442,metsox_S_L_medium,L-Methionine Sulfoxide,False,[],"['Haemophilus', 'Bifidobacterium']"
443,mg2_medium,magnesium,False,[],"['Clostridium', 'Alistipes', 'Paraprevotella', 'Coprococcus', 'Lachnospiraceae', 'Dorea', 'Escherichia', 'Bacteroides', 'Barnesiella', 'Streptococcus', 'Dialister', 'Eubacterium', 'Ruminococcus', 'Phascolarctobacterium', 'Haemophilus', 'Roseburia', 'Veillonella', 'Sutterella', 'Odoribacter', 'Klebsiella', 'Collinsella', 'Parabacteroides', 'Fusobacterium', 'Faecalibacterium', 'Bifidobacterium', 'Subdoligranulum', 'Prevotella', 'Megamonas']"
444,mn2_medium,Mn2+,False,[],"['Clostridium', 'Alistipes', 'Paraprevotella', 'Coprococcus', 'Lachnospiraceae', 'Dorea', 'Escherichia', 'Bacteroides', 'Barnesiella', 'Streptococcus', 'Dialister', 'Eubacterium', 'Ruminococcus', 'Phascolarctobacterium', 'Haemophilus', 'Roseburia', 'Veillonella', 'Sutterella', 'Odoribacter', 'Klebsiella', 'Collinsella', 'Parabacteroides', 'Fusobacterium', 'Faecalibacterium', 'Bifidobacterium', 'Subdoligranulum', 'Prevotella', 'Megamonas']"
445,mops_medium,3-(n-Morpholino)Propanesulfonic Acid,False,[],[]
446,mso3_medium,methanesulfonate,False,[],[]
447,n2_medium,Nitrogen,False,[],['Phascolarctobacterium']
448,na1_medium,Sodium,False,[],[]
449,nac_medium,Nicotinate,True,"['Sutterella', 'Bifidobacterium']","['Clostridium', 'Coprococcus', 'Bacteroides', 'Dialister', 'Eubacterium', 'Ruminococcus', 'Phascolarctobacterium', 'Roseburia', 'Odoribacter', 'Collinsella', 'Parabacteroides', 'Faecalibacterium', 'Subdoligranulum', 'Prevotella', 'Megamonas']"
450,nh4_medium,Ammonium,True,"['Clostridium', 'Alistipes', 'Coprococcus', 'Dialister', 'Eubacterium', 'Ruminococcus', 'Haemophilus', 'Veillonella', 'Sutterella', 'Odoribacter', 'Klebsiella', 'Collinsella', 'Parabacteroides', 'Fusobacterium', 'Prevotella']","['Paraprevotella', 'Lachnospiraceae', 'Barnesiella']"
451,nmn_medium,NMN,False,[],"['Sutterella', 'Klebsiella']"
452,no2_medium,Nitrite,False,[],[]
453,no3_medium,Nitrate,False,[],['Haemophilus']
454,o2_medium,O2,True,"['Escherichia', 'Streptococcus', 'Odoribacter', 'Klebsiella', 'Parabacteroides', 'Bifidobacterium']","['Veillonella', 'Fusobacterium', 'Prevotella']"
455,orn_medium,Ornithine,True,['Collinsella'],"['Paraprevotella', 'Bacteroides', 'Dialister', 'Phascolarctobacterium', 'Haemophilus', 'Veillonella', 'Sutterella', 'Faecalibacterium', 'Bifidobacterium']"
456,pb_medium,Lead,False,[],[]
457,phe_L_medium,L-phenylalanine,True,['Phascolarctobacterium'],"['Clostridium', 'Alistipes', 'Paraprevotella', 'Coprococcus', 'Lachnospiraceae', 'Escherichia', 'Barnesiella', 'Streptococcus', 'Dialister', 'Eubacterium', 'Ruminococcus', 'Haemophilus', 'Roseburia', 'Veillonella', 'Sutterella', 'Klebsiella', 'Collinsella', 'Parabacteroides', 'Fusobacterium', 'Faecalibacterium', 'Bifidobacterium', 'Subdoligranulum', 'Megamonas']"
458,pi_medium,hydrogenphosphate,True,"['Barnesiella', 'Sutterella']","['Clostridium', 'Alistipes', 'Paraprevotella', 'Coprococcus', 'Lachnospiraceae', 'Dorea', 'Escherichia', 'Bacteroides', 'Streptococcus', 'Dialister', 'Eubacterium', 'Ruminococcus', 'Phascolarctobacterium', 'Haemophilus', 'Roseburia', 'Veillonella', 'Odoribacter', 'Klebsiella', 'Collinsella', 'Parabacteroides', 'Faecalibacterium', 'Bifidobacterium', 'Subdoligranulum', 'Prevotella', 'Megamonas']"
459,pnto_R_medium,(R)-Pantothenate,False,[],"['Clostridium', 'Streptococcus', 'Dialister', 'Ruminococcus', 'Phascolarctobacterium', 'Sutterella', 'Collinsella', 'Fusobacterium', 'Subdoligranulum']"
460,ppi_medium,Diphosphate,False,['Prevotella'],[]
461,pro_L_medium,L-proline,True,"['Haemophilus', 'Odoribacter']","['Alistipes', 'Lachnospiraceae', 'Dorea', 'Escherichia', 'Streptococcus', 'Dialister', 'Eubacterium', 'Ruminococcus', 'Phascolarctobacterium', 'Roseburia', 'Veillonella', 'Collinsella', 'Parabacteroides', 'Faecalibacterium', 'Bifidobacterium', 'Subdoligranulum', 'Megamonas']"
462,ptrc_medium,Putrescine,True,"['Dialister', 'Haemophilus', 'Sutterella', 'Klebsiella', 'Megamonas']","['Streptococcus', 'Veillonella', 'Faecalibacterium']"
463,pydx_medium,Pyridoxal,False,[],"['Coprococcus', 'Lachnospiraceae', 'Dorea', 'Streptococcus', 'Dialister', 'Eubacterium', 'Ruminococcus', 'Roseburia', 'Veillonella', 'Sutterella', 'Odoribacter', 'Collinsella', 'Faecalibacterium', 'Subdoligranulum', 'Megamonas']"
464,pydxn_medium,Pyridoxine,False,[],"['Clostridium', 'Bacteroides', 'Parabacteroides']"
465,raffin_medium,Raffinose,False,[],['Bifidobacterium']
466,rib_D_medium,D-ribose,True,['Clostridium'],"['Veillonella', 'Subdoligranulum']"
467,ribflv_medium,Riboflavin,True,"['Lachnospiraceae', 'Eubacterium', 'Ruminococcus']","['Clostridium', 'Alistipes', 'Dorea', 'Barnesiella', 'Streptococcus', 'Dialister', 'Roseburia', 'Klebsiella', 'Collinsella', 'Faecalibacterium', 'Bifidobacterium', 'Subdoligranulum', 'Megamonas']"
468,rmn_medium,L-Rhamnose,False,[],[]
469,sT_antigen_medium,sialyl-T antigen,False,[],[]
470,sT_antigen_rl_medium,released sialyl-Tn antigen,False,[],[]
471,sTn_antigen_medium,sialyl-Tn antigen,False,[],['Ruminococcus']
472,salcn_medium,Salicin,False,[],[]
473,ser_L_medium,L-serine,True,['Barnesiella'],"['Clostridium', 'Alistipes', 'Paraprevotella', 'Coprococcus', 'Dorea', 'Bacteroides', 'Phascolarctobacterium', 'Haemophilus', 'Roseburia', 'Veillonella', 'Odoribacter', 'Collinsella', 'Parabacteroides', 'Fusobacterium', 'Faecalibacterium', 'Bifidobacterium', 'Subdoligranulum', 'Prevotella', 'Megamonas']"
474,so4_medium,sulfate,False,[],"['Clostridium', 'Alistipes', 'Paraprevotella', 'Coprococcus', 'Lachnospiraceae', 'Dorea', 'Escherichia', 'Bacteroides', 'Barnesiella', 'Streptococcus', 'Dialister', 'Eubacterium', 'Ruminococcus', 'Phascolarctobacterium', 'Haemophilus', 'Roseburia', 'Sutterella', 'Odoribacter', 'Collinsella', 'Parabacteroides', 'Fusobacterium', 'Bifidobacterium', 'Subdoligranulum', 'Prevotella', 'Megamonas']"
475,spmd_medium,Spermidine,False,[],"['Alistipes', 'Paraprevotella', 'Bacteroides', 'Barnesiella', 'Streptococcus', 'Dialister', 'Eubacterium', 'Odoribacter', 'Faecalibacterium']"
476,stys_medium,Stachyose,False,[],['Eubacterium']
477,succ_medium,Succinate,True,"['Clostridium', 'Paraprevotella', 'Coprococcus', 'Dorea', 'Bacteroides', 'Barnesiella', 'Streptococcus', 'Eubacterium', 'Ruminococcus', 'Phascolarctobacterium', 'Veillonella', 'Sutterella', 'Odoribacter', 'Bifidobacterium', 'Subdoligranulum', 'Prevotella', 'Megamonas']","['Dialister', 'Klebsiella', 'Fusobacterium']"
478,sucr_medium,Sucrose,False,[],"['Coprococcus', 'Dorea', 'Bacteroides', 'Ruminococcus', 'Haemophilus', 'Roseburia', 'Parabacteroides', 'Fusobacterium', 'Prevotella', 'Megamonas']"
479,sulfac_medium,sulfoacetate,False,[],[]
480,taur_medium,Taurine,False,[],[]
481,tchola_medium,taurocholate,False,[],[]
482,tdchola_medium,taurochenodeoxycholate,False,[],[]
483,thm_medium,Thiamin,False,[],"['Streptococcus', 'Faecalibacterium']"
484,thr_L_medium,L-threonine,False,[],"['Clostridium', 'Paraprevotella', 'Coprococcus', 'Lachnospiraceae', 'Dorea', 'Bacteroides', 'Barnesiella', 'Streptococcus', 'Dialister', 'Eubacterium', 'Ruminococcus', 'Phascolarctobacterium', 'Haemophilus', 'Roseburia', 'Veillonella', 'Sutterella', 'Odoribacter', 'Klebsiella', 'Parabacteroides', 'Fusobacterium', 'Faecalibacterium', 'Bifidobacterium', 'Subdoligranulum', 'Megamonas']"
485,thymd_medium,Thymidine,True,"['Paraprevotella', 'Barnesiella', 'Dialister', 'Phascolarctobacterium', 'Sutterella']","['Alistipes', 'Escherichia', 'Bacteroides', 'Streptococcus', 'Haemophilus', 'Odoribacter', 'Klebsiella', 'Parabacteroides', 'Subdoligranulum', 'Prevotella']"
486,tma_medium,trimethylamine,False,"['Coprococcus', 'Klebsiella']",[]
487,tre_medium,Trehalose,False,[],['Faecalibacterium']
488,tyr_L_medium,L-tyrosine,True,['Lachnospiraceae'],"['Clostridium', 'Alistipes', 'Coprococcus', 'Escherichia', 'Barnesiella', 'Streptococcus', 'Dialister', 'Eubacterium', 'Ruminococcus', 'Phascolarctobacterium', 'Haemophilus', 'Roseburia', 'Sutterella', 'Klebsiella', 'Fusobacterium', 'Faecalibacterium', 'Bifidobacterium', 'Subdoligranulum', 'Megamonas']"
489,ura_medium,uracil,True,"['Veillonella', 'Sutterella', 'Fusobacterium']","['Escherichia', 'Ruminococcus', 'Haemophilus', 'Roseburia', 'Collinsella', 'Faecalibacterium']"
490,urea_medium,Urea,False,"['Alistipes', 'Odoribacter']",[]
491,uri_medium,Uridine,True,"['Clostridium', 'Klebsiella']","['Alistipes', 'Lachnospiraceae', 'Barnesiella', 'Dialister', 'Fusobacterium']"
492,val_L_medium,L-valine,True,"['Lachnospiraceae', 'Phascolarctobacterium', 'Haemophilus', 'Bifidobacterium']","['Clostridium', 'Alistipes', 'Escherichia', 'Bacteroides', 'Streptococcus', 'Dialister', 'Roseburia', 'Veillonella', 'Sutterella', 'Odoribacter', 'Collinsella', 'Parabacteroides', 'Faecalibacterium', 'Subdoligranulum', 'Megamonas']"
493,xan_medium,Xanthine,True,['Collinsella'],"['Lachnospiraceae', 'Fusobacterium', 'Bifidobacterium']"
494,xyl_D_medium,aldehydo-D-xylose,False,[],[]
495,zn2_medium,Zinc,False,[],"['Clostridium', 'Alistipes', 'Paraprevotella', 'Coprococcus', 'Lachnospiraceae', 'Dorea', 'Escherichia', 'Bacteroides', 'Barnesiella', 'Streptococcus', 'Dialister', 'Eubacterium', 'Ruminococcus', 'Phascolarctobacterium', 'Haemophilus', 'Roseburia', 'Veillonella', 'Sutterella', 'Odoribacter', 'Klebsiella', 'Collinsella', 'Parabacteroides', 'Fusobacterium', 'Faecalibacterium', 'Bifidobacterium', 'Subdoligranulum', 'Prevotella', 'Megamonas']"
496,_4hbz_medium,4-hydroxybenzoate,True,['Odoribacter'],"['Alistipes', 'Paraprevotella']"
497,fol_medium,Folate,False,[],"['Alistipes', 'Bacteroides', 'Barnesiella', 'Streptococcus', 'Dialister', 'Eubacterium', 'Haemophilus', 'Veillonella', 'Faecalibacterium']"
498,gsn_medium,Guanosine,True,['Bacteroides'],"['Paraprevotella', 'Escherichia', 'Prevotella']"
499,gthox_medium,Oxidized glutathione,False,[],['Coprococcus']
500,hdca_medium,Hexadecanoate (n-C16:0),False,[],['Alistipes']
501,indole_medium,Indole,False,[],['Sutterella']
502,isobut_medium,"Isobutyrate, 2-Methylpropanoate",False,[],[]
503,isocapr_medium,Isocaproate,False,[],[]
504,isoval_medium,"Isovalerate, 3-Methylbutanoate",False,[],[]
505,lanost_medium,lanosterol,False,[],['Alistipes']
506,mqn7_medium,Menaquinone 7,False,[],"['Alistipes', 'Eubacterium']"
507,ocdca_medium,octadecanoate (n-C18:0),False,[],"['Paraprevotella', 'Bacteroides', 'Parabacteroides']"
508,ocdcea_medium,octadecenoate (n-C18:1),False,[],"['Alistipes', 'Barnesiella']"
509,pheme_medium,Protoheme,False,[],"['Alistipes', 'Paraprevotella', 'Bacteroides', 'Barnesiella', 'Streptococcus', 'Dialister', 'Veillonella', 'Odoribacter', 'Parabacteroides']"
510,ppa_medium,propionate,False,"['Alistipes', 'Dialister', 'Veillonella', 'Fusobacterium', 'Faecalibacterium', 'Prevotella']",[]
511,sheme_medium,Siroheme,False,[],"['Alistipes', 'Paraprevotella', 'Bacteroides', 'Barnesiella', 'Odoribacter']"
512,trp_L_medium,L-tryptophan,False,[],"['Alistipes', 'Coprococcus', 'Dorea', 'Escherichia', 'Barnesiella', 'Dialister', 'Roseburia', 'Odoribacter', 'Klebsiella', 'Collinsella', 'Fusobacterium', 'Faecalibacterium', 'Bifidobacterium', 'Subdoligranulum', 'Megamonas']"
513,ttdca_medium,tetradecanoate (n-C14:0),False,[],"['Alistipes', 'Bacteroides', 'Dialister', 'Odoribacter', 'Parabacteroides']"
514,_2obut_medium,2-Oxobutanoate,False,[],['Dialister']
515,_4abz_medium,4-Aminobenzoate,False,[],[]
516,MGlcn103_medium,mucin-type O-glycan No 103,False,[],['Lachnospiraceae']
517,MGlcn103_rl_medium,released mucin-type O-glycan No 103,False,[],['Ruminococcus']
518,MGlcn118_medium,mucin-type O-glycan No 118,False,[],['Lachnospiraceae']
519,MGlcn118_rl_medium,released mucin-type O-glycan No 118,False,[],[]
520,MGlcn121_medium,mucin-type O-glycan No 121,False,[],['Lachnospiraceae']
521,MGlcn121_rl_medium,released mucin-type O-glycan No 121,False,[],[]
522,MGlcn123_medium,mucin-type O-glycan No 123,False,[],['Lachnospiraceae']
523,MGlcn123_rl_medium,released mucin-type O-glycan No 123,False,[],[]
524,MGlcn127_medium,mucin-type O-glycan No 127,False,[],['Ruminococcus']
525,MGlcn127_rl_medium,released mucin-type O-glycan No 127,False,[],[]
526,MGlcn128_medium,mucin-type O-glycan No 128,False,[],['Lachnospiraceae']
527,MGlcn128_rl_medium,released mucin-type O-glycan No 128,False,[],[]
528,MGlcn129_medium,mucin-type O-glycan No 129,False,[],['Lachnospiraceae']
529,MGlcn129_rl_medium,released mucin-type O-glycan No 129,False,[],[]
530,MGlcn132_medium,mucin-type O-glycan No 132,True,['Ruminococcus'],['Lachnospiraceae']
531,MGlcn132_rl_medium,released mucin-type O-glycan No 132,False,[],[]
532,MGlcn133_medium,mucin-type O-glycan No 133,False,[],['Paraprevotella']
533,MGlcn133_rl_medium,released mucin-type O-glycan No 133,False,[],[]
534,MGlcn134_medium,mucin-type O-glycan No 134,False,[],['Lachnospiraceae']
535,MGlcn134_rl_medium,released mucin-type O-glycan No 134,False,[],[]
536,MGlcn135_medium,mucin-type O-glycan No 135,True,['Paraprevotella'],['Lachnospiraceae']
537,MGlcn135_rl_medium,released mucin-type O-glycan No 135,False,[],[]
538,MGlcn136_medium,mucin-type O-glycan No 136,False,[],['Lachnospiraceae']
539,MGlcn136_rl_medium,released mucin-type O-glycan No 136,False,[],[]
540,MGlcn162_medium,mucin-type O-glycan No 162,False,[],['Lachnospiraceae']
541,MGlcn162_rl_medium,released mucin-type O-glycan No 162,False,[],[]
542,MGlcn17_medium,mucin-type O-glycan No 17,False,[],['Paraprevotella']
543,MGlcn17_rl_medium,released mucin-type O-glycan No 17,False,[],[]
544,MGlcn19_medium,mucin-type O-glycan No 19,True,['Paraprevotella'],['Lachnospiraceae']
545,MGlcn19_rl_medium,released mucin-type O-glycan No 19,False,['Ruminococcus'],[]
546,MGlcn33_medium,mucin-type O-glycan No 33,False,[],['Paraprevotella']
547,MGlcn33_rl_medium,released mucin-type O-glycan No 33,False,[],[]
548,MGlcn37_medium,mucin-type O-glycan No 37,False,[],[]
549,MGlcn37_rl_medium,released mucin-type O-glycan No 37,False,[],[]
550,MGlcn38_medium,mucin-type O-glycan No 38,False,[],[]
551,MGlcn38_rl_medium,released mucin-type O-glycan No 38,False,[],[]
552,MGlcn47_medium,mucin-type O-glycan No 47,False,[],[]
553,MGlcn47_rl_medium,released mucin-type O-glycan No 47,False,[],[]
554,MGlcn50_medium,mucin-type O-glycan No 50,False,[],[]
555,MGlcn50_rl_medium,released mucin-type O-glycan No 50,False,[],[]
556,MGlcn59_medium,mucin-type O-glycan No 59,False,[],['Lachnospiraceae']
557,MGlcn59_rl_medium,released mucin-type O-glycan No 59,False,[],[]
558,MGlcn60_medium,mucin-type O-glycan No 60,True,['Lachnospiraceae'],['Ruminococcus']
559,MGlcn60_rl_medium,released mucin-type O-glycan No 60,False,[],[]
560,MGlcn62_medium,mucin-type O-glycan No 62,False,[],['Lachnospiraceae']
561,MGlcn62_rl_medium,released mucin-type O-glycan No 62,False,[],[]
562,MGlcn63_medium,mucin-type O-glycan No 63,False,[],['Lachnospiraceae']
563,MGlcn63_rl_medium,released mucin-type O-glycan No 63,False,[],['Lachnospiraceae']
564,MGlcn67_medium,mucin-type O-glycan No 67,False,[],['Lachnospiraceae']
565,MGlcn67_rl_medium,released mucin-type O-glycan No 67,False,[],['Ruminococcus']
566,MGlcn7_medium,mucin-type O-glycan No 7,False,[],['Lachnospiraceae']
567,MGlcn76_medium,mucin-type O-glycan No 76,True,['Paraprevotella'],['Ruminococcus']
568,MGlcn76_rl_medium,released mucin-type O-glycan No 76,False,[],[]
569,MGlcn7_rl_medium,released mucin-type O-glycan No 7,False,[],[]
570,MGlcn8_medium,mucin-type O-glycan No 8,False,[],['Ruminococcus']
571,MGlcn86_medium,mucin-type O-glycan No 86,False,[],[]
572,MGlcn86_rl_medium,released mucin-type O-glycan No 86,False,[],[]
573,MGlcn87_medium,mucin-type O-glycan No 87,False,[],[]
574,MGlcn87_rl_medium,released mucin-type O-glycan No 87,False,[],[]
575,MGlcn88_medium,mucin-type O-glycan No 88,False,[],['Lachnospiraceae']
576,MGlcn88_rl_medium,released mucin-type O-glycan No 88,False,[],[]
577,MGlcn8_rl_medium,released mucin-type O-glycan No 8,False,[],['Lachnospiraceae']
578,MGlcn9_medium,mucin-type O-glycan No 9,False,[],['Lachnospiraceae']
579,MGlcn9_rl_medium,released mucin-type O-glycan No 9,False,[],[]
580,ade_medium,Adenine,True,"['Paraprevotella', 'Dialister']","['Bacteroides', 'Streptococcus', 'Phascolarctobacterium']"
581,amp_medium,AMP,False,[],"['Dialister', 'Faecalibacterium']"
582,arabttr_medium,Arabinotriose,False,[],[]
583,chor_medium,chorismate,True,['Bacteroides'],['Paraprevotella']
584,galur_medium,D-Galacturonate,False,[],[]
585,gcald_medium,glycolaldehyde,True,['Parabacteroides'],['Escherichia']
586,glcur_medium,D-glucuronate,True,['Bifidobacterium'],['Parabacteroides']
587,gthrd_medium,Reduced glutathione,False,['Coprococcus'],[]
588,gua_medium,Guanine,True,['Bacteroides'],"['Streptococcus', 'Dialister', 'Phascolarctobacterium', 'Haemophilus', 'Veillonella', 'Faecalibacterium']"
589,lald_L_medium,(S)-lactaldehyde,False,[],[]
590,mqn8_medium,Menaquinone 8,False,[],"['Paraprevotella', 'Bacteroides', 'Streptococcus', 'Dialister']"
591,ncam_medium,Nicotinamide,False,[],['Paraprevotella']
592,_12dhchol_medium,12-Dehydrocholate,False,[],[]
593,_4hpro_LT_medium,trans-4-hydroxy-L-proline,False,[],[]
594,Lcystin_medium,L-cystine,False,[],"['Coprococcus', 'Lachnospiraceae', 'Eubacterium', 'Ruminococcus']"
595,kesto_medium,"Kestose (2 fru, 1 glc inulin-type fructo-oligosaccharide)",False,[],['Roseburia']
596,kestopt_medium,"Kestopentaose (4 fru, 1 glc inulin-type fructo-oligosaccharide)",False,[],[]
597,kestottr_medium,"Kestotetraose (3 fru, 1 glc inulin-type fructo-oligosaccharide)",False,[],[]
598,melib_medium,Melibiose,False,[],[]
599,rbflvrd_medium,Reduced riboflavin,True,['Faecalibacterium'],"['Coprococcus', 'Lachnospiraceae', 'Eubacterium', 'Ruminococcus']"
600,MGlcn54_medium,mucin-type O-glycan No 54,False,[],['Ruminococcus']
601,MGlcn54_rl_medium,released mucin-type O-glycan No 54,False,[],['Ruminococcus']
602,Ser_Thr_medium,protein-linked serine or threonine residue (O-glycosylation site),False,[],[]
603,agal1b6agal_medium,"Beta-1,6-N,N-diacetylgalactosamine",False,[],[]
604,chtbs_medium,"N,N-diacetylchitobiose",False,[],['Bacteroides']
605,dsT_antigen_medium,disialyl-T antigen,False,[],[]
606,dsT_antigen_rl_medium,released disialyl-T antigen,False,[],['Lachnospiraceae']
607,etha_medium,etha[c],False,[],[]
608,Cit_Mg_medium,Citrate-Mg,False,[],[]
609,gam_medium,D-Glucosamine,False,[],['Streptococcus']
610,h2s_medium,Hydrogen sulfide,True,"['Sutterella', 'Faecalibacterium']","['Dorea', 'Bacteroides', 'Barnesiella', 'Klebsiella', 'Parabacteroides']"
611,inulin_medium,"Chicory inulin, 30 monosaccharide units (29 fru, 1 glc) on average",True,['Eubacterium'],"['Dorea', 'Roseburia']"
612,pydam_medium,Pyridoxamine,False,[],[]
613,_15dap_medium,"1,5-Diaminopentane",False,[],[]
614,_2hyoxplac_medium,2-Hydroxyphenylacetate,False,[],[]
615,_4abut_medium,4-Aminobutanoate,False,"['Escherichia', 'Eubacterium', 'Odoribacter']",[]
616,_5mta_medium,5-Methylthioadenosine,False,[],['Klebsiella']
617,_7dhcdchol_medium,7-Dehydrochenodeoxycholate,False,[],[]
618,_7ocholate_medium,"3alpha,12alpha-Dihydroxy-7-oxo-5beta-cholanate",False,[],[]
619,acac_medium,acetoacetate,False,[],[]
620,akg_medium,2-Oxoglutarate,False,['Sutterella'],[]
621,ala_D_medium,D-alanine,True,['Megamonas'],"['Escherichia', 'Fusobacterium', 'Subdoligranulum']"
622,crn_medium,L-Carnitine,False,[],[]
623,ctbt_medium,crotonobetaine,False,[],[]
624,ddca_medium,laurate,False,[],"['Bacteroides', 'Barnesiella', 'Ruminococcus', 'Parabacteroides', 'Bifidobacterium']"
625,dms_medium,Dimethyl sulfide,False,[],[]
626,dmso_medium,Dimethyl sulfoxide,False,[],[]
627,fecrm_medium,Ferrichrome,False,[],[]
628,fuc1p_L_medium,L-Fucose 1-phosphate,False,[],[]
629,g6p_medium,D-Glucose 6-phosphate,False,[],[]
630,galct_D_medium,D-Galactarate,False,[],['Klebsiella']
631,galctn_D_medium,D-Galactonate,False,[],[]
632,gbbtn_medium,gamma-butyrobetaine,False,[],[]
633,glcn_medium,D-gluconate,True,['Escherichia'],['Klebsiella']
634,glcr_medium,D-glucarate(2-),False,[],[]
635,glyclt_medium,glycolate,True,['Escherichia'],['Parabacteroides']
636,idon_L_medium,L-Idonate,False,[],[]
637,mal_L_medium,(S)-malate(2-),True,"['Sutterella', 'Odoribacter']","['Escherichia', 'Klebsiella']"
638,man6p_medium,D-Mannose 6-phosphate,False,[],[]
639,mnl_medium,D-Mannitol,False,[],[]
640,oxa_medium,oxalate(2-),False,[],[]
641,pac_medium,phenylacetate,False,[],[]
642,pppn_medium,Phenylpropanoate,False,[],[]
643,sbt_D_medium,D-glucitol,False,[],[]
644,sel_medium,selenate,False,[],[]
645,selni_medium,selenite,False,[],[]
646,ser_D_medium,D-serine,False,[],[]
647,tmao_medium,Trimethylamine N-oxide,False,[],['Klebsiella']
648,tsul_medium,thiosulfate(2-),False,[],['Sutterella']
649,xtsn_medium,xanthosine,False,[],[]
650,Tyr_ggn_medium,Tyr-194 of apo-glycogenin protein (primer for glycogen synthesis),False,[],[]
651,amylopect900_medium,"Amylopectin, 900 repeat units",False,[],[]
652,amylose300_medium,"amylose (n=300 repeat units, alpha-1,4-glc)",False,[],[]
653,arabinoxyl_medium,"Arabinoxylan, 30 xyl_D, 18 arab_L, 3 gal, 3 glc_D",False,[],[]
654,core7_medium,Core 7,False,[],[]
655,glygn2_medium,"glycogen, structure 2 (glycogenin-1,6-{7[1,4-Glc], 4[1,4-Glc]})",False,[],[]
656,glygn4_medium,"glycogen, structure 4 (glycogenin-1,6-{2[1,4-Glc], [1,4-Glc]})",False,[],[]
657,glygn5_medium,"glycogen, structure 5 (glycogenin-2[1,4-Glc])",False,[],[]
658,q8_medium,Ubiquinone-8,False,[],"['Bacteroides', 'Streptococcus']"
659,_2dmmq8_medium,2-Demethylmenaquinone 8,False,[],[]
660,_34dhphe_medium,L-dopa,False,[],[]
661,_5htrp_medium,5-hydroxy-L-tryptophan,False,[],[]
662,actn_R_medium,(R)-Acetoin,False,[],[]
663,diact_medium,Diacetyl,False,[],[]
664,dopa_medium,dopaminium(1+),False,[],[]
665,hista_medium,histamium,False,[],[]
666,pullulan1200_medium,"pullulan (n=1200 repeat units, alpha-1,4 and alph-1,6 bounds)",False,[],[]
667,srtn_medium,serotonin(1+),False,[],[]
668,strch1_medium,"starch, structure 1 (1,6-{7[1,4-Glc], 4[1,4-Glc]})",False,[],['Streptococcus']
669,strch2_medium,"starch, structure 2 (1,6-{2[1,4-Glc], [1,4-Glc]})",False,['Streptococcus'],[]
670,trypta_medium,tryptaminium,False,[],['Haemophilus']
671,tym_medium,tyraminium,False,[],[]
672,pime_medium,Pimelate,False,[],[]
673,_12dgr180_medium,"1,2-Diacyl-sn-glycerol (dioctadecanoyl, n-C18:0)",False,[],"['Eubacterium', 'Faecalibacterium']"
674,meoh_medium,methanol,False,['Faecalibacterium'],[]
675,pect_medium,pectins,False,[],['Faecalibacterium']
676,xylan_medium,"Oat spelt xylan, MW 79200 (DOI: 10.1002/masy.200551405) = 528 xyl_D",False,[],[]
677,_3dhcdchol_medium,3-Dehydrochenodeoxycholate,False,[],[]
678,_3dhchol_medium,3-Dehydrocholate,False,[],[]
679,HC02194_medium,Ursodiol,False,[],[]
680,icdchol_medium,Isochenodeoxycholate,False,[],[]
681,isochol_medium,Isocholate,False,[],[]
682,lctnb_medium,Lacto-N-biose,False,[],[]
683,uchol_medium,Ursocholate,False,[],[]
684,no_medium,Nitric oxide,False,[],[]
685,dpcoa_medium,Dephospho-CoA,False,[],['Roseburia']
686,n2o_medium,Nitrous oxide,False,[],[]
687,oaa_medium,Oxaloacetate,False,[],[]
688,pyr_medium,pyruvate,False,['Fusobacterium'],[]
689,Lkynr_medium,L-kynurenine,False,[],[]
690,ispre_medium,Isoprene,False,[],[]
691,so3_medium,Sulfite,False,['Sutterella'],[]
692,_13ppd_medium,"Propane-1,3-diol",False,[],[]
693,_34dhpha_medium,"(3,4-dihydroxyphenyl)acetate",False,[],[]
694,_3hphac_medium,3-Hydroxyphenylacetate,False,[],[]
695,_3hpppn_medium,3-(3-hydroxy-phenyl)propionate,False,[],[]
696,_4hoxpacd_medium,(4-hydroxyphenyl)acetaldehyde,False,[],[]
697,aso3_medium,arsenite,False,[],[]
698,aso4_medium,arsenate,False,[],[]
699,btd_RR_medium,R_R__2_3_Butanediol,False,[],[]
700,dhcinnm_medium,"2,3-dihydroxicinnamic acid",False,[],[]
701,dhpppn_medium,"3-(2,3-Dihydroxyphenyl)propanoate",False,[],[]
702,ni2_medium,nickel,False,[],[]
703,glctnb_medium,Galacto-N-biose,False,[],[]
704,lmn2_medium,Laminaribiose,False,[],[]
705,lmn30_medium,"laminarin (n=30 repeat units, beta -1,3 glc)",False,[],[]
706,btoh_medium,butanol,False,[],[]
707,glutar_medium,Glutarate,False,[],[]
708,_3mop_medium,3-methyl-2-oxopentanoate,False,['Faecalibacterium'],[]
709,_5mthf_medium,5-Methyltetrahydrofolate,False,[],[]
710,arabinogal_medium,"Larch arabinogalactan, gal/ara 6:1, small amount of glcur, MW ~ 116000",False,[],['Bifidobacterium']
711,thf_medium,"5,6,7,8-Tetrahydrofolate",False,[],['Bifidobacterium']
712,cpd11416_medium,Community Biomass,False,[],[]
